ID,Open,High,Low,Close,Volume,Target
0,67.53262123788103,67.77524354590173,67.46454809539105,67.64607869486326,217214776.5588325,67.36156224781212
1,67.82586084442266,68.07022931535538,67.10497543656396,67.36156224781212,260175685.35709035,67.4401108588742
2,67.46891052153038,67.58673095521291,67.30396291314933,67.4401108588742,174693761.44035488,67.52650932688381
3,67.49858193041844,67.5492014809409,67.1992309359759,67.52650932688381,145644162.31260204,67.4401108588742
4,67.38861903961848,67.4706567122781,67.16519651361497,67.4401108588742,136457118.3641105,67.14163114099695
5,67.49072778008173,67.50905529121027,67.08053943723513,67.14163114099695,257554688.6209048,66.45478700667181
6,66.48358667268431,66.7340643644112,66.06117991879712,66.45478700667181,305599299.13002235,66.57085846771992
7,66.72009701276141,66.72707844626507,66.31252711721916,66.57085846771992,179007867.84662893,67.17741254375535
8,66.67558501619078,67.19399386304863,66.52721874701183,67.17741254375535,235011667.97737634,67.64956659347722
9,67.35108786292547,67.69582149978785,67.1329022696643,67.64956659347722,217371319.2401062,67.29959408257625
10,67.28999419710946,67.35894125036921,67.10759137936907,67.29959408257625,190348029.56772268,66.93217373834105
11,66.9758101953333,67.05348488657357,66.63980581431984,66.93217373834105,214450355.243156,66.09346839994488
12,66.5429319108158,66.72184405331807,66.0515764677701,66.09346839994488,300027604.0328458,65.93463139864596
13,66.30380179172909,66.37100267537085,65.8909932721989,65.93463139864596,190994314.71555087,66.10830406243768
14,66.15368670867939,66.41376424539624,66.08386738097093,66.10830406243768,193281237.12633672,66.1309962540896
15,66.1379776874872,66.23310595986968,65.66058680566516,66.1309962540896,210744928.75959972,65.24953037960134
16,65.92328714010596,65.9564514537305,65.09505489197177,65.24953037960134,302271673.9778081,65.87703019590236
17,65.4397866611199,66.04896091639367,65.35600279101516,65.87703019590236,244243313.4719291,66.09434412771739
18,65.58815350352106,66.11179771400913,65.55324300168886,66.09434412771739,259915072.40167382,66.42162111086064
19,66.43645624185824,66.6371882819848,66.33172807404145,66.42162111086064,224685972.79414552,66.20866913737918
20,66.4443099912735,66.5359475462466,66.15979577472686,66.20866913737918,132281189.29661435,66.08997382911933
21,65.98524568565333,66.4111430210964,65.92938923313079,66.08997382911933,142889360.93823287,66.06903142495953
22,66.20605163306935,66.40590973842427,65.94422955815094,66.06903142495953,141792687.62919828,66.30292580260078
23,66.28459829094767,66.34743618716871,66.10568615425689,66.30292580260078,157987421.55001372,67.00723278273628
24,66.60751651858308,67.0150864805519,66.46264092971325,67.00723278273628,213028353.0099102,67.10846691323869
25,67.06308426674141,67.16868635422779,66.9339194252966,67.10846691323869,198515359.7376382,67.42265468527546
26,67.00984788784848,67.4828741261505,66.91820866738156,67.42265468527546,165720105.2808621,67.48200233940538
27,67.46978233370308,67.55967536570637,67.26119827233238,67.48200233940538,141214616.61064017,67.31879837561422
28,67.49509205011542,67.60680330539935,67.213196290589,67.31879837561422,127924230.4245168,67.83284056976146
29,67.31355948651128,67.8494235528304,67.30134114724947,67.83284056976146,164054980.89457673,67.86251856695868
30,67.94717469771066,68.21510595815816,67.71851691714426,67.86251856695868,218096312.99863064,68.24652436117881
31,68.07808437427497,68.41147196664886,67.900918427659,68.24652436117881,201349744.2628225,69.60014928954764
32,68.96479381108145,70.07317726196007,68.908065078578,69.60014928954764,424937294.66769576,69.36799969523982
33,69.3880733990006,69.92568210953091,69.22050566408268,69.36799969523982,215128123.8352627,69.79564508943037
34,69.74066254619574,69.80350045187433,69.43083932754855,69.79564508943037,204820793.9945277,70.34198078772206
35,69.84800851224433,70.46591040432153,69.84713624909644,70.34198078772206,255805608.38321006,70.56889269592382
36,70.41354496910958,70.62736595117497,70.04524685870112,70.56889269592382,232400291.1824981,71.06984567896458
37,70.56452903439404,71.31159571901469,70.54532759450656,71.06984567896458,257212743.4344355,71.24177355942288
38,71.30461144984477,71.4041043601901,70.92496898304913,71.24177355942288,209810919.91267073,74.03716833555646
39,71.79247450393444,75.40213669316526,71.69560004688347,74.03716833555646,1008896591.8460016,73.99440613141147
40,74.37404862809595,75.43268463903131,73.69592737687654,73.99440613141147,744461021.5700058,74.91253080448352
41,74.34088391381093,75.17086215082736,74.12967973979465,74.91253080448352,439982008.33222693,74.78423585178405
42,76.20244392691097,76.22688060775602,74.1794263362454,74.78423585178405,565605323.7040563,73.7386952898908
43,73.64880391054916,74.95268085651313,73.14435781317479,73.7386952898908,556387670.8514051,74.5512138658095
44,74.61928866680361,74.72576301564789,74.01622366793944,74.5512138658095,290497740.3577661,74.5512138658095
45,74.21957247866544,74.80430996661275,73.88792942689732,74.5512138658095,361232294.2503785,74.23266413543917
46,74.69259978211038,74.77289126231862,73.55367061196976,74.23266413543917,336618362.60541946,74.38801323812413
47,74.00051701928523,74.55121632549479,73.9542604415751,74.38801323812413,231301868.79322582,73.5658883455542
48,74.57565098243154,74.65507186233128,73.16355369716861,73.5658883455542,374747437.2470456,75.6726908679234
49,76.27662986270583,76.61961570160946,75.36373993642897,75.6726908679234,683637630.8442906,76.815979329758
50,76.16840399717948,76.90587235151489,75.87341765421968,76.815979329758,466888109.6286849,75.91793134139061
51,77.28028145308696,78.2664814209199,75.86905797393506,75.91793134139061,659696220.5507252,75.73465402900055
52,75.55050498783922,76.27051816719148,74.97885808997549,75.73465402900055,465397893.26616895,76.54455709797202
53,75.485921144956,76.7025232584715,75.02074862254264,76.54455709797202,380566627.19785595,75.52257778329161
54,76.47997468930703,76.57597689113112,75.38904829547218,75.52257778329161,247555196.90200406,77.15722625593895
55,76.27575777163094,77.18864437421898,75.98775114069211,77.15722625593895,397884270.6312714,76.54630188130545
56,76.97656391276541,77.1371501929133,75.83763647474552,76.54630188130545,544021673.5709034,75.46658958770233
57,77.02375475296316,77.08485393770638,75.41858260973896,75.46658958770233,423599248.2858593,76.06972582334562
58,75.27368842669922,76.37696978768963,75.10871897846941,76.06972582334562,413561276.80172926,74.81893802431613
59,75.9597514311672,76.07235040898965,74.32752241561722,74.81893802431613,476034050.1915906,74.24635050948386
60,74.10931184713837,74.42441053684858,72.50152406260342,74.24635050948386,576267716.8330433,76.33245749952248
61,75.04937117405788,76.35166295617182,74.78227781183324,76.33245749952248,518648641.1027849,75.80787654715289
62,75.95887978146982,76.21287926828673,75.45437195226901,75.80787654715289,415888428.0579821,74.64174743695827
63,75.72757152243743,76.1386857970349,74.58763054016889,74.64174743695827,427218969.8377685,74.38687562604632
64,75.21782787446134,75.3531201165734,74.09272550240678,74.38687562604632,427497073.595562,72.60887802327679
65,74.43138824932916,74.47066653001549,72.56959974259046,72.60887802327679,523275832.8716063,72.76250402731603
66,72.20562571957552,73.06014530737457,71.8137168834948,72.76250402731603,583348868.1753504,74.61468995086699
67,72.81749314871526,74.65047709340962,72.32695158050785,74.61468995086699,610688741.3707566,72.80614362728643
68,75.21957298142848,75.22655526945334,72.54952706167991,72.80614362728643,618619945.7085835,72.29465522212912
69,72.45525950040657,73.27311950245928,72.25886808257286,72.29465522212912,624210006.1482557,72.22307907218912
70,71.86171989021373,72.59403931565792,71.72206415162587,72.22307907218912,403903730.26929784,73.40666769208829
71,72.79480011324226,73.44594597930528,71.9455164065128,73.40666769208829,458595720.22177416,73.69034177242493
72,73.24606245687593,73.82563401552468,72.86026188778756,73.69034177242493,345604262.3265761,73.89982085976854
73,74.00019831352004,74.26554520434864,73.7173957047377,73.89982085976854,299986500.64725995,75.03889415192478
74,73.9172829108004,75.1628389282981,73.89982552487109,75.03889415192478,353039602.4170164,74.49510890651722
75,75.35922950511858,75.37494048603354,74.2245244275401,74.49510890651722,367823703.12613106,74.21492439284742
76,74.45234051484366,74.6923737464052,73.6606648713418,74.21492439284742,300088821.8411651,73.85269336118418
77,74.063049374058,74.61294539365583,73.81254270419561,73.85269336118418,270113959.26767176,73.69994642102327
78,73.92950624902218,74.24024143421971,73.63011853269535,73.69994642102327,233091177.87638754,74.31966643859857
79,74.05257476423202,74.83464766199421,74.02638868573078,74.31966643859857,342423559.9143282,73.5943303155525
80,74.45583219101778,74.62254640223541,72.77297909699348,73.5943303155525,461017321.81086254,72.12270232087732
81,73.29668392807625,73.70430535484667,72.06073077180261,72.12270232087732,435576949.7535927,72.6237203579812
82,72.15412732291281,72.85066138467111,71.65223995460357,72.6237203579812,397203878.41880816,71.81109335862399
83,72.59142139542479,72.83669213199693,71.6452515502165,71.81109335862399,358508101.78016895,71.94464434601144
84,71.22978050831152,72.00487116484513,70.41192041967271,71.94464434601144,520072392.41626835,72.30862182906101
85,71.877434708384,72.52508942409614,71.45497628087725,72.30862182906101,353392042.0849119,72.46748218310051
86,72.52683496784698,72.98769932746245,72.12619742770325,72.46748218310051,335310050.5876238,71.22454424101853
87,72.79916353873783,72.88732117598414,71.15733346970678,71.22454424101853,472401210.53789866,71.5448754518861
88,70.9845060794316,71.7674529353184,70.90594951643523,71.5448754518861,346170964.3235892,70.63798845120148
89,70.94959596980576,71.27953324451451,70.52189999587306,70.63798845120148,371041136.2233705,69.90828703371604
90,70.791611506357,71.19661256394473,69.8951948258438,69.90828703371604,427051058.1349498,69.1078835260102
91,70.11515274516559,70.35518598117346,69.04503793389165,69.1078835260102,380583243.46011406,68.43055229737388
92,68.54664074829881,69.69531041509241,68.3336659716887,68.43055229737388,628757614.766262,68.42880584598755
93,67.51929703626287,68.4357881342718,66.26064883990753,68.42880584598755,799313926.90435,67.51405898003803
94,67.70783162591513,68.05435389403321,67.23125633395841,67.51405898003803,581233355.6278586,67.90509728528467
95,68.31359114459377,69.02670857757388,67.49311228159605,67.90509728528467,661116473.7037333,67.18237666918583
96,68.59988434972708,68.97259102444727,66.94757933874781,67.18237666918583,501420200.76149184,67.9644516116262
97,67.24173145501166,67.98016259365147,66.61677166456283,67.9644516116262,475552178.5861057,69.40116225494518
98,68.26296591616594,69.42123841668551,68.1494962291491,69.40116225494518,493835314.31072867,69.53382917429562
99,69.94057651553214,69.97636364888793,68.88093707744628,69.53382917429562,453820731.1728676,70.06103564192986
100,70.5428485140481,70.56292300986888,69.45964150543821,70.06103564192986,475241716.84391487,68.93156533031905
101,69.37671863215608,69.91701184633023,68.78492730069978,68.93156533031905,358717116.8685734,69.25539611617086
102,68.9525172808338,69.53121650140272,68.65574836439701,69.25539611617086,310312195.83049077,69.61238946172801
103,69.30165433728652,70.00866177647356,69.15326989549884,69.61238946172801,329586185.50976783,69.94407344063313
104,69.29030880166462,70.05056083432167,68.95949915291641,69.94407344063313,358875408.6300848,71.33801187148971
105,70.39271595524362,71.35546925639323,70.15792028815439,71.33801187148971,458505642.5895329,70.56903281236742
106,70.71829129959892,71.5300397772323,70.37351541503472,70.56903281236742,448813988.99246645,68.93243772198576
107,70.64933297805028,70.8553254473949,68.7788174045553,68.93243772198576,529509554.83875024,69.21000839676122
108,68.91934939253647,69.74070064823158,68.76310860721054,69.21000839676122,385168457.30323076,71.15471787857066
109,69.80529145208139,71.19835968270858,69.66127216656378,71.15471787857066,612063518.4375848,71.16868114939676
110,70.94872407161641,71.2306543723787,70.33161894040992,71.16868114939676,640754556.1166102,69.41949248826353
111,70.39970165915857,70.53499391557703,69.12097881904099,69.41949248826353,708897847.6370778,68.66447503191444
112,69.56001757748695,69.83758434008138,68.19139088370612,68.66447503191444,665748038.173149,68.44451723625288
113,68.13465612845914,69.03281748910352,68.10410653556838,68.44451723625288,553952951.160534,67.5690496799931
114,68.80413229572744,69.1122486722586,67.49398591530958,67.5690496799931,495436597.26833814,68.75699692212002
115,66.37149993589665,68.80238512610333,66.26239377236914,68.75699692212002,643487493.9880081,69.11399360378299
116,68.73343223354458,69.1663640985294,68.43666332193484,69.11399360378299,462514534.4943292,69.31300232307315
117,68.96997285955565,69.55740072281026,68.72121094590713,69.31300232307315,417434614.9881042,68.52045534452643
118,69.23095564455011,69.30602107314711,68.21932292510715,68.52045534452643,360359503.2117688,69.17258229384339
119,68.76751229187859,69.33757985442323,68.46982033321854,69.17258229384339,340757560.98792404,68.73084685680635
120,69.20924837525088,69.26512119145714,68.5169616201945,68.73084685680635,319290224.6905778,68.05165574918651
121,68.44275882583139,68.70116582921369,67.65531423146243,68.05165574918651,377289725.3725349,66.66882655064407
122,67.94776886530124,68.13633776850166,66.64962115244798,66.66882655064407,394261050.9188868,66.81025241577254
123,66.63128788055516,67.5601570945852,66.05598181420903,66.81025241577254,487527256.43348265,68.11974733661836
124,67.57237690745528,68.29958437095637,67.45015772539173,68.11974733661836,430922647.2410871,67.80896406055054
125,67.69809259568365,67.92245308106465,67.13151668143867,67.80896406055054,374360890.51451504,67.32182922773356
126,68.12673252620776,68.23411224397779,67.2746865877152,67.32182922773356,321139002.50182116,66.64962058955321
127,67.12016615202702,67.46325407917232,66.50033833600492,66.64962058955321,337007532.95830655,68.08395926164836
128,66.81374696437635,68.14070461011472,66.64264006545315,68.08395926164836,430270240.312427,69.41353420330465
129,68.5440278330034,69.50170686584875,68.2576852256524,69.41353420330465,587185475.6767339,69.64924008639532
130,69.08528349198814,69.71558645181548,68.89846131838013,69.64924008639532,412731338.2289431,71.1219873445664
131,69.67804925326789,71.22325609728973,69.52527527085535,71.1219873445664,639043081.1040258,71.36730121236123
132,71.16913128330097,71.73221541890456,70.69771154229937,71.36730121236123,517489000.90519327,71.18397052227837
133,71.36118833729401,71.80729168462533,70.7893757335273,71.18397052227837,478379566.79033923,70.40700482587077
134,70.83651870518095,71.26079580842134,70.35549792788433,70.40700482587077,439124084.4756377,72.60346519161621
135,70.87143784277006,72.75187491561326,70.64533068537705,72.60346519161621,767303134.93418,72.20363291148065
136,72.37299474034162,72.78504991197579,71.83610115834101,72.20363291148065,506372721.45452446,72.66370191794185
137,72.25950442954726,72.69076497497238,71.77935454569393,72.66370191794185,372111573.32883966,73.04520062865325
138,73.0792471610326,73.29836915814664,72.45505351859548,73.04520062865325,427636125.4744587,72.20188646009433
139,72.7379074922637,72.90552260927129,72.03863560027833,72.20188646009433,405337976.0642075,71.84919669101922
140,72.28220398155307,72.68902073086625,71.83522973445753,71.84919669101922,457769279.80946344,71.34809691932325
141,71.92689474068206,72.03252776165479,70.95961303942124,71.34809691932325,452342758.37201554,71.91379704373132
142,71.36206235806158,72.08665060034726,71.26166779218536,71.91379704373132,347297371.9966646,70.66628530059748
143,71.8212617227633,71.87800706430701,70.56938246024188,70.66628530059748,381837333.99054116,69.33583463116867
144,69.79590496199559,70.11542155885425,68.98314401620989,69.33583463116867,615530195.4686956,69.16211192578996
145,69.36552032440134,69.61083292785605,68.5248236670408,69.16211192578996,487986389.9958775,68.21141518373913
146,68.90806797117321,68.9133064127631,68.16165498397031,68.21141518373913,458942038.1088377,67.16207146123384
147,67.42135266964038,67.51388958909519,66.93771097609368,67.16207146123384,503041598.14183486,66.80152182689383
148,67.70332962673695,67.86745301823115,66.60771615574158,66.80152182689383,579171190.0276166,67.4117472873622
149,66.99707454357443,67.67102848215401,66.75874544861993,67.4117472873622,452087392.6573121,66.58676502017454
150,67.67539340448494,67.91284998897095,66.50383080163341,66.58676502017454,497698158.01567745,67.0450909113552
151,66.53613285340305,67.3113539361964,66.43049982900197,67.0450909113552,459746615.01817733,67.40738366097575
152,66.99009001786496,67.56015765944116,66.63565267631353,67.40738366097575,448447556.6826694,66.78231586580296
153,67.6858686754593,67.81943726479398,66.53613078596173,66.78231586580296,410136577.696323,65.64829010172218
154,66.98048414025234,67.5767422237573,65.48853098646904,65.64829010172218,573881096.8487089,65.06512713150377
155,65.7530496260546,65.91280874765697,65.05203269477147,65.06512713150377,546336581.2654923,65.40297456587447
156,64.79187544964687,65.44051283126876,64.6993385635121,65.40297456587447,561075205.888427,64.43046135994425
157,65.24234989438322,65.30345949760134,64.32744755305892,64.43046135994425,571199756.8443229,64.10483241306622
158,64.26458988662762,64.76132599845155,63.99570765500611,64.10483241306622,436797807.75950366,65.29822084375301
159,64.58672690407,65.52083629858394,64.17030742360423,65.29822084375301,498773842.3618597,64.22006817961142
160,64.9664811273597,65.60027757754835,64.19387763815806,64.22006817961142,437650484.37537986,65.0808418578749
161,64.21482739451221,65.11663342803332,64.08387803643035,65.0808418578749,500279800.44651484,65.14107524809474
162,64.96472997790609,65.33575505806438,64.73163938202525,65.14107524809474,416063336.0817515,65.78011632241102
163,65.42131469544908,65.83773418700186,64.3981600908288,65.78011632241102,567449728.8147054,64.47934698628524
164,65.37242459556191,65.42305730897857,64.17903578435607,64.47934698628524,547751587.1777874,64.33180770727817
165,64.38506129959866,65.06250687132068,63.7338045997426,64.33180770727817,553843633.6456782,62.82588954913723
166,63.77221909511949,63.96515058099442,62.71850983221091,62.82588954913723,563601752.291777,63.38897416659806
167,63.47103587313265,63.91539261259533,62.89136548555953,63.38897416659806,665939562.4591765,62.54652738554715
168,63.172467752899834,63.526905039347724,62.49240293815665,62.54652738554715,586087927.8275803,62.14931561651753
169,62.18772807841767,62.68446420196237,61.61853378651648,62.14931561651753,619811069.3504535,63.48587469566621
170,62.68446315046377,63.679680363216335,62.51422880250469,63.48587469566621,586324053.6596692,63.10000735440965
171,63.31389256412463,63.55745838250103,62.9620745308648,63.10000735440965,456025446.81248176,63.89705974383933
172,63.80714037448716,64.06642159887336,63.4230223855539,63.89705974383933,512331837.82435036,62.81541084081929
173,63.485000421132234,63.84554865668536,62.750809514012715,62.81541084081929,476765165.73094696,62.97778745037205
174,62.81453661776742,63.469284984727096,62.637317167277395,62.97778745037205,543360521.2410548,62.602402153539224
175,63.1593753447771,63.22746842117407,61.782656858013574,62.602402153539224,646376974.5406798,62.780495157516
176,62.23574384948569,62.79533629877116,62.15280962728262,62.780495157516,559608602.1091199,62.13098371514627
177,62.44177184093131,62.517722586356804,61.80448276167597,62.13098371514627,514710586.9476152,62.847714353281134
178,62.014001289724284,62.966441807261695,61.99654092925642,62.847714353281134,683131272.1154779,63.612461562196074
179,62.0279695069234,63.8228534299153,62.0157475865174,63.612461562196074,871544818.9403102,64.45053971270183
180,63.90491591754949,64.51164931134102,63.82983769703062,64.45053971270183,645742058.4143966,64.32919220033094
181,64.59807442059277,64.7901350523359,64.04808639585471,64.32919220033094,580782092.9265335,64.02189515482416
182,64.3745874215128,64.66180250784426,63.84904159289604,64.02189515482416,476199338.27405274,65.13234966337471
183,63.99745283540471,65.15592098431233,63.91539113649476,65.13234966337471,567275695.3310548,64.37109368917953
184,64.68712019381653,64.90536968676822,64.19824013072446,64.37109368917953,523656257.8233049,64.42871490855792
185,64.73688381534294,64.90973740928075,64.23490921246596,64.42871490855792,369410993.441839,64.55093314454263
186,64.15459163430242,64.61553447789048,63.90665985264847,64.55093314454263,340120895.7814031,64.31167931293359
187,64.44352905096926,64.77621201952404,64.21300893600984,64.31167931293359,317678447.2515421,63.787772253935614
188,64.16586081606249,64.56053906163751,63.78166000232888,63.787772253935614,345945332.97292656,62.84997456496067
189,63.39658639450838,63.48128521354617,62.75828912593972,62.84997456496067,406878041.2134977,61.6912607839331
190,61.99949397112833,62.27192718439237,61.655459977270084,61.6912607839331,528356036.4219906,61.8562912656498
191,61.764606666463536,62.057122848968305,61.48606122464729,61.8562912656498,410754003.0202292,62.45966186272554
192,62.08244599635901,62.757416791225495,61.93487841929715,62.45966186272554,493184656.4623062,61.6510932360741
193,61.87724736601892,61.948848975517286,61.476456890522016,61.6510932360741,477279395.3208292,61.89471236212248
194,61.69213368783427,61.995128163568275,61.41271551590447,61.89471236212248,551252371.2735333,62.49371849878531
195,62.414259210451746,62.8796648031655,62.35488208725602,62.49371849878531,422480711.47385347,62.31384067820551
196,62.196833525768,62.577541873582256,62.1566675376485,62.31384067820551,382292094.85234183,62.19595937976087
197,62.45267392875674,62.510303963393454,61.871134866846106,62.19595937976087,405506762.30714506,62.98269653005681
198,62.436084718715676,62.994921032790614,62.270179563425835,62.98269653005681,412916740.7341387,62.758291705363796
199,63.14511235886869,63.16082934202173,62.54610826913788,62.758291705363796,374275185.58286804,61.98377721269277
200,62.785358219291815,63.049059410824384,61.95146888279389,61.98377721269277,403293301.26634234,61.59957709030978
201,61.837083048577284,61.84232176484709,61.274753365088955,61.59957709030978,421836175.406263,61.265147496331224
202,61.44153008654565,61.621405986704495,61.005812326828526,61.265147496331224,599995739.33761,60.70980181030006
203,61.038118791479825,61.18132033862594,60.59541527970313,60.70980181030006,505143118.04742503,61.09487766045556
204,60.40593691230312,61.100989912568316,60.301155090627894,61.09487766045556,569672809.7968154,61.239824785255976
205,61.135042975635095,61.4048564060467,60.94206903930639,61.239824785255976,462689442.5180987,61.87550389895227
206,61.52448489904551,61.95147070365397,61.465981316028405,61.87550389895227,431063448.20022154,61.85803938508902
207,61.50178086905211,62.03180304627722,61.465980060482465,61.85803938508902,409260288.4972379,61.259034916479095
208,61.58560484424459,61.58647837989197,61.15949182380369,61.259034916479095,382454759.3144474,61.19791162003709
209,61.3603234652507,61.502652317816754,61.01890925931503,61.19791162003709,400961777.3094953,61.26951279077059
210,60.76830649896573,61.45375470540141,60.65915867417708,61.26951279077059,456438229.7485777,61.451133726630914
211,61.22061359465781,61.53932501458551,60.888804137147375,61.451133726630914,398995811.12232643,61.7916775685145
212,61.701740026677825,61.80914078888668,61.51487832248458,61.7916775685145,337515640.7673569,62.08768606602037
213,62.26319596655722,62.78273904775108,62.001241835720464,62.08768606602037,586394016.869177,62.865685955225985
214,62.42385527179282,62.96872149015485,62.14967675737136,62.865685955225985,614247245.1143466,63.57733236812159
215,62.826396549329964,63.687354549123015,62.698911984050355,63.57733236812159,665120992.9079354,63.78951870532194
216,63.64544443152967,63.87159775598031,63.34856219196915,63.78951870532194,487161698.6638044,63.15122158259906
217,63.65242786422594,63.717042855564046,62.992301380303196,63.15122158259906,469340320.12193286,62.893632513512976
218,62.88926566799195,62.98095110383405,62.56618904890664,62.893632513512976,420433413.0556318,62.46490121688451
219,62.775753347611804,62.80194942555727,62.41687590671632,62.46490121688451,347948904.38520586,63.562493369522976
220,62.90061972032151,63.68997796444304,62.79671143148783,63.562493369522976,498291970.75637484,63.73188747762613
221,63.724029820182764,63.86810408310214,63.25687726254803,63.73188747762613,415096969.2504252,63.88818737046411
222,63.58257313783494,63.95891461237049,63.47691779370188,63.88818737046411,380827240.15327245,64.13093410484578
223,63.90477911037537,64.48457369112812,63.73712852816908,64.13093410484578,416691255.88708395,64.20514911447361
224,63.85238399959328,64.5649008479446,63.826187927170785,64.20514911447361,428111000.7589928,64.52561376957317
225,63.90652751494369,64.59110314250049,63.86548715261027,64.52561376957317,365685452.5355492,64.80677743029528
226,64.48719325188713,64.85829522126141,64.40947938119689,64.80677743029528,358257108.76605976,64.60943509585223
227,64.45313468159155,64.81899869684543,64.32739718718102,64.60943509585223,337631954.60316354,63.565110544523115
228,63.31101573847553,63.954550926666855,63.083988049090706,63.565110544523115,858675086.5513525,62.94777083843613
229,63.0927194726426,63.26298981650156,62.63167915740714,62.94777083843613,584422803.441295,63.830557810821205
230,63.48215780827952,63.84889456540426,63.149474786028506,63.830557810821205,522469506.882029,63.695213666566225
231,63.860246120725606,64.36319947503216,63.63758362941576,63.695213666566225,445426895.1121706,64.36494357813714
232,63.885566564862074,64.37280290026602,63.70481714506901,64.36494357813714,418112383.5802109,64.64698463468466
233,64.35796171435909,64.7622447216049,64.28112221156685,64.64698463468466,400247278.032397,64.5133852737631
234,64.54918607788463,64.743032709505,64.18332204518074,64.5133852737631,394627483.2286838,64.03837218137059
235,64.20253191277146,64.3466061555129,63.87246870978511,64.03837218137059,390743650.5608827,64.42082668639371
236,64.00868447170276,64.50115864410637,63.90564891803004,64.42082668639371,363325068.75478023,63.61400951528729
237,64.1003715374806,64.1999146350756,63.54502767588414,63.61400951528729,386186422.0015691,62.9023647704446
238,63.30053548332717,63.35991259199888,62.84298766177289,62.9023647704446,358205510.89904773,63.03072477720718
239,62.863074183232285,63.27870902307383,62.84648283172102,63.03072477720718,323567600.4118603,63.06652452854748
240,62.88315529908929,63.227190155531815,62.78099408434832,63.06652452854748,457088013.0568813,63.66989262354387
241,62.736460189475835,63.699581179043776,62.72685546045261,63.66989262354387,674000198.7345927,62.2265214449951
242,63.620994155214674,63.67949689607789,62.2064376191042,62.2265214449951,672632417.9887154,61.825730034442024
243,62.01695773428421,62.294628825003024,61.796042312726314,61.825730034442024,433887338.24397963,61.53496089109513
244,61.964566398080315,62.033547402854765,61.28523045101615,61.53496089109513,463664554.7506135,61.20838866030214
245,61.461611549472494,61.597828138030074,61.09050882411981,61.20838866030214,501732411.58392036,60.19811740892699
246,60.43562249733695,60.58493712956674,59.61570482167987,60.19811740892699,1030964737.204996,59.944895302333165
247,60.340447074466795,60.40244229205777,59.895996457875825,59.944895302333165,649920611.1022494,59.78597656644216
248,60.0182429674136,60.06015602700285,59.6864334662836,59.78597656644216,468535743.2125933,60.00695604450498
249,59.87506627788884,60.115263336098735,59.68552935057901,60.00695604450498,448339113.7079323,60.24802721974858
250,59.78422933770558,60.263749704228594,59.70562024722278,60.24802721974858,546476507.684508,60.5947820566054
251,60.39388996868536,60.67077141533376,60.36681398042033,60.5947820566054,425561716.31255275,60.697849377244935
252,60.579061537522996,60.7345337836609,60.429702526141824,60.697849377244935,423416469.40102017,59.49773869337105
253,60.083818690839465,60.188631630103465,59.46978890942566,59.49773869337105,625257705.210635,59.495120684344464
254,59.60517391214843,59.63661804851213,59.30733049444862,59.495120684344464,514672981.72250473,59.32130456800334
255,59.39642097169563,59.58683086771923,59.19989617492568,59.32130456800334,457931069.7314502,59.556261495341914
256,59.157971595886636,59.56848963190129,59.04879132918971,59.556261495341914,586598659.2569872,59.71697422212689
257,59.3938007503326,59.78772331762284,59.392053992773825,59.71697422212689,498212387.6055597,59.5370446919072
258,59.57110937921588,59.805191548139014,59.43310553840732,59.5370446919072,458974396.0932351,59.61128639038142
259,59.56936171396421,60.28383713322303,59.479396627799346,59.61128639038142,706347688.6505189,58.99987661235402
260,59.44445841711821,59.51346074517678,58.88370933802283,58.99987661235402,663917625.7044014,58.960573115897226
261,58.87672292303877,59.04355034647445,58.73435177114601,58.960573115897226,580090331.6925251,58.70902239830923
262,58.93873810604907,59.08547657782022,58.69679426174324,58.70902239830923,478673412.27027196,58.87060918481383
263,58.95271262262696,59.15273094437524,58.73522589195086,58.87060918481383,484367542.9840871,59.152731141927
264,58.86798882442697,59.22872051301798,58.81907627898529,59.152731141927,474362804.02447325,58.70203242263168
265,58.90117690102863,58.946595919449926,58.46270919733323,58.70203242263168,465922617.3374774,58.631285294983
266,58.585866268198885,59.062766049432064,58.575384890250305,58.631285294983,494673123.74458444,58.95707937909813
267,58.81296147258747,59.10207108085157,58.601587987718986,58.95707937909813,478791475.1863163,59.52918232456294
268,59.27763094808462,59.57547514137072,59.27763094808462,59.52918232456294,510890595.7084899,59.565867811993144
269,59.3055826245408,59.66369372670501,59.05228446693835,59.565867811993144,443506405.0111818,59.49686713573079
270,59.57547705805118,59.95629770057774,59.47328382584295,59.49686713573079,563341139.3363605,58.576259565917034
271,58.95096615167359,59.09508406927227,58.52909377770104,58.576259565917034,588108990.0422367,58.2216415276895
272,58.542194448643045,58.61818381728638,57.99279962648505,58.2216415276895,611040306.4985334,58.14827138685553
273,58.1264348376464,58.37536566777622,57.8836180746993,58.14827138685553,583739787.6084752,58.07315646268813
274,58.14215880213257,58.27841505746589,57.93777316966363,58.07315646268813,430789717.1430223,58.47493869666383
275,57.61110427159288,58.578004880177005,57.473100441108066,58.47493869666383,743449178.6524994,57.83470579855047
276,58.55966259202857,58.60682837340631,57.81461683912609,57.83470579855047,623924906.0695115,58.4120489322007
277,58.08887553615801,58.46445581157639,58.088002574072874,58.4120489322007,507910162.9834581,58.48105461262176
278,58.810342180985465,58.93961141434434,58.176223318165455,58.48105461262176,576638521.8434346,58.55442225137638
279,58.40419027641545,58.81558207477815,58.364885316916094,58.55442225137638,457499046.9127396,58.679325218503664
280,58.60857612331044,59.1815542491029,58.601588260125936,58.679325218503664,570548224.4557816,58.91690182292172
281,58.595475082966175,58.94485244503662,58.411179234588914,58.91690182292172,533026955.19675434,59.033069197011585
282,58.95358631284479,59.13002132291749,58.56577780922117,59.033069197011585,452536906.27839965,59.61128639038142
283,59.11604526728749,59.645351075010815,59.089841407425126,59.61128639038142,442064288.3552025,59.292481447917396
284,59.26889897112689,59.72221463267762,59.12827457374599,59.292481447917396,466088779.9600584,59.5370446919072
285,59.933587806029905,60.11526391706482,59.48987890661609,59.5370446919072,509955712.32144207,60.11177148458374
286,59.47415907032701,60.12574721301684,59.43660086199944,60.11177148458374,455670383.52422976,59.8174193636076
287,60.06285669929288,60.11526358873677,59.64273112042673,59.8174193636076,425324715.9403451,59.857599421863355
288,60.09168161023604,60.19125429466798,59.83663666377459,59.857599421863355,378515830.61915886,59.57460257100412
289,60.12574495653042,60.44018379399357,59.56761554107026,59.57460257100412,588240171.0600637,59.75103836442472
290,59.42087785429925,60.065478056135674,59.344888484263585,59.75103836442472,437326904.53140634,60.393018547950845
291,60.244533326666215,60.456779780257136,59.99210811729063,60.393018547950845,535722287.8430419,60.51966796646446
292,60.45590673033401,60.61662009715314,60.21658427074888,60.51966796646446,358614795.6746683,60.78257478819582
293,60.95638925696066,61.0349991840512,60.445425563851465,60.78257478819582,520606736.4288841,60.06110938190423
294,60.39825771720391,60.44105702199954,60.046260694504475,60.06110938190423,397403273.5659054,61.785283921748714
295,60.95551417837093,61.80537288141133,60.73453312314446,61.785283921748714,612894331.5504898,62.28926025067077
296,61.83507081982224,62.34341389743006,61.5512023214195,62.28926025067077,573249678.8829011,62.26131035627798
297,62.19405561244711,62.475304388971054,61.93551634894101,62.26131035627798,461627750.813818,62.58535798900679
298,62.634270531261144,62.87533972750883,62.33730009675239,62.58535798900679,477390461.9159228,61.92503672981846
299,62.145144857988086,62.31983228841537,61.89271963015755,61.92503672981846,568054910.5769478,61.72152426769823
300,61.75471516120305,62.23598228404373,61.59749531470215,61.72152426769823,621705323.2478769,61.48744056605282
301,61.973947073706384,62.00539203902464,61.23501537810367,61.48744056605282,430336705.3614594,61.407084619673554
302,61.25859940294174,61.54683521589661,61.20007844510819,61.407084619673554,353960493.16216266,62.03683714141606
303,61.41669319974639,62.05430638373488,61.236763835567416,62.03683714141606,413540287.8388769,62.4569612850804
304,62.08924258012433,62.463949981273814,62.045571142218705,62.4569612850804,373639394.916466,62.23947387576378
305,62.28139938461706,62.42900996184176,62.15387693366405,62.23947387576378,146865020.31851298,61.85253981467765
306,62.026354269463965,62.31546471854161,61.763449348587265,61.85253981467765,265633690.23881674,61.688331683040666
307,61.852538539647,61.94425038307787,61.58439253786211,61.688331683040666,260948778.82215142,62.81361267979307
308,61.74249817184463,62.819728311164994,61.65513212841596,62.81361267979307,494375780.10417634,62.99883160575874
309,62.88001337130707,63.1124073936712,62.56199883221348,62.99883160575874,411888281.5543742,62.772553557658995
310,62.58296893464126,62.8223534737958,62.39600386886519,62.772553557658995,324794580.1986031,62.54015875957486
311,62.600441900742425,62.87652022374485,62.41959247723974,62.54015875957486,308061129.5645777,61.99586308997989
312,62.47026365244628,62.507830629265655,61.8490870918545,61.99586308997989,308445052.6767517,62.112062991101304
313,61.80802689094827,62.16972490953814,61.716291566239235,62.112062991101304,325668245.77733165,63.02853795985525
314,62.245733637688524,63.037274816095476,61.971401684177295,63.02853795985525,450786951.5005861,62.88176098102351
315,63.020674161201526,63.390235011718545,62.859046488101,62.88176098102351,406956749.82419395,63.3482970285781
316,62.913212305816124,63.350918251768526,62.70353278081405,63.3482970285781,399951683.4722266,63.817458591397326
317,64.21847081161516,64.44475089869505,63.50206523306403,63.817458591397326,574213422.0938709,63.46973461580559
318,63.74319165076484,63.974714118901325,63.247823853666866,63.46973461580559,434548490.5738283,62.838947067238614
319,63.00843835947638,63.16045594467461,62.61878435752439,62.838947067238614,418504177.5534545,62.50608377493319
320,62.76206881528586,62.916707662286434,62.36542423037647,62.50608377493319,418233070.11661184,62.229131947783635
321,62.5069582877579,62.539282820175664,62.13390305541955,62.229131947783635,309621309.1366014,62.08148090923228
322,62.06313401386863,62.27805597840337,61.87791785589157,62.08148090923228,352667048.3263874,62.444929619512536
323,62.106821750497744,62.55501268515104,62.09633685549165,62.444929619512536,284247402.12836397,61.42972843779137
324,62.089346054107004,62.12778788640128,61.0304634589543,61.42972843779137,494154521.45410794,61.3135310387493
325,61.30479418318946,61.429728051564126,61.031337103067,61.3135310387493,305499601.55647373,60.36560409853897
326,61.198207451792456,61.22092277674695,60.30881536955653,60.36560409853897,406575450.33237654,60.291341549403484
327,60.19611182904053,60.488789807614005,60.15854401888747,60.291341549403484,307021301.36326814,60.786710725361424
328,60.611104586519005,60.85660390662633,60.45821294005486,60.786710725361424,310394402.60166246,60.796322880197806
329,60.551695888053565,60.80942733225346,60.463455800349706,60.796322880197806,271535961.50091755,60.535093285657425
330,61.003378204759834,61.13006009979523,60.343760664757305,60.535093285657425,350932835.2707131,60.9142650625733
331,60.75525862615211,61.00512635949535,60.47044347104588,60.9142650625733,377210142.2217198,60.49141115033807
332,60.68885941044295,60.75263695315995,60.389191778317425,60.49141115033807,340343028.97159034,61.01036909638169
333,60.67400765312148,61.14229261699492,60.28959517024725,61.01036909638169,354227227.8984111,61.682216601109175
334,61.38167579604274,62.05614498653173,61.256741105855895,61.682216601109175,440970238.6665244,61.927717290828795
335,61.57650338028378,61.9740211232305,61.54592522054824,61.927717290828795,335911734.1893908,62.00809325384286
336,61.86743372346541,62.03168259529557,61.62542800995213,62.00809325384286,308961905.8869904,62.453660208391256
337,62.09458437177937,62.56374155981078,61.56339519241784,62.453660208391256,482229292.3935053,62.79264525483977
338,62.250098741950005,62.81274018731148,62.151375449856616,62.79264525483977,391170426.13888025,63.49419994769023
339,62.792646931982816,63.51691610579391,62.792646931982816,63.49419994769023,446979203.82312465,63.21026064694248
340,63.46362281364781,63.64359738722684,63.127261345433965,63.21026064694248,384468825.2081529,62.675576298157445
341,62.91233960855725,63.053000830908836,62.64587298593016,62.675576298157445,396107205.1097736,63.613889415478496
342,62.89049359545267,63.62874190008241,62.72799278303037,63.613889415478496,494086307.32483786,64.79683583501114
343,63.8104660168934,64.8422664835617,63.5955457048896,64.79683583501114,572966327.8843945,64.85973977792392
344,64.47707447892724,65.06068413560911,64.47095884629101,64.85973977792392,433950305.13253665,64.91040855281503
345,64.55220587611032,64.95147159936066,64.26127514117363,64.91040855281503,393138141.4062868,65.32889800463735
346,65.24065792824452,65.64691255374473,64.87109709690459,65.32889800463735,428117997.0799436,65.82077010769038
347,65.03185026146457,66.05054456264143,64.98205202077824,65.82077010769038,474124929.1121468,64.76975166007347
348,65.45820018875199,65.62419543910546,64.75926676723486,64.76975166007347,427309922.0101286,65.09737559821993
349,64.77673985510975,65.22842508913749,64.58453404618965,65.09737559821993,435535846.36800694,66.32574977043181
350,65.23191984268115,66.5432912964896,65.16202666836507,66.32574977043181,577613634.0759494,66.99497426197402
351,66.37554580819484,67.20465375974271,66.11344685258011,66.99497426197402,493482000.1027143,66.46291376040071
352,66.37554688129096,67.02642838095477,66.19120308298245,66.46291376040071,375497792.66901666,66.45330410764367
353,66.20605595121225,66.8735363220828,66.18858224174605,66.45330410764367,395464418.1224208,67.40035615410795
354,66.70928647813892,67.47549176778628,66.50659579150219,67.40035615410795,580825819.9324758,67.42831272071234
355,67.58731913295176,68.0162898380151,67.2562001941126,67.42831272071234,489437252.0530453,67.54363522600835
356,67.77865208669506,68.14034915758829,67.35405067022515,67.54363522600835,458150579.30128086,66.60706856007363
357,66.97837739699312,67.3173583708274,66.21042567663429,66.60706856007363,481641601.4336399,67.06399328681827
358,66.8455769459758,67.2911464812606,66.34234551003965,67.06399328681827,415335718.70287055,68.09754388446615
359,66.8805264321964,68.16568902311931,66.69530943175232,68.09754388446615,590729112.2383033,67.91669358904564
360,67.72885537376402,67.99619680271365,67.34182253152298,67.91669358904564,367809710.4842295,67.25096200027608
361,67.36541097185348,67.72972933876753,67.18543641881443,67.25096200027608,360333267.0082034,66.71453120010472
362,66.92683195239145,67.02206084276155,66.35370723977913,66.71453120010472,407437746.88956004,66.0741373348865
363,66.37555139221926,66.80714178149094,66.04181113174408,66.0741373348865,358574566.82920134,66.16062587775271
364,66.11956449223644,66.46640913750774,65.86969510487349,66.16062587775271,448799996.3505649,68.70299204142887
365,68.50729182470378,68.89869392453863,68.14471984620374,68.70299204142887,977731480.170757,68.37274592412358
366,68.31945327657618,68.5369964600919,68.07657438081539,68.37274592412358,515730300.7261912,68.5605853611952
367,68.70823538208185,68.89170434319716,68.51952397453904,68.5605853611952,396161426.5971421,68.31159010065002
368,68.44788203824578,68.84365340181307,68.30285324570848,68.31159010065002,398757936.2099999,67.85903233639763
369,68.29062265322104,68.34653819342216,67.69303541977911,67.85903233639763,402311192.7128768,68.39720791990241
370,67.67556173504377,68.45486982650371,67.62663501655922,68.39720791990241,340559040.3809457,68.90044113125751
371,68.40245204825081,68.90917798648032,68.23645513178698,68.90044113125751,360654223.23182034,68.60689050969984
372,68.90131569445731,69.21321292303391,68.5483537471554,68.60689050969984,382549209.6472829,68.37794858111874
373,68.65057873284137,69.10933065481011,68.33687855826268,68.37794858111874,450522840.38469416,69.1582653958025
374,68.55183835203187,69.17486873946055,68.49678831779926,69.1582653958025,449140192.45679647,68.50727605856335
375,69.15302316044844,69.39681832476066,68.46096269401589,68.50727605856335,438369356.3530724,68.09570735822322
376,68.483680919086,68.67417269746772,67.88686556908002,68.09570735822322,415289368.07657164,68.09658141794284
377,67.90958630151468,68.38668826523778,67.51200105396745,68.09658141794284,368959730.74051374,69.05515470578757
378,68.55970274577436,69.19146978649681,68.52824439381521,69.05515470578757,415327847.8418009,69.19933452625398
379,68.79126262308264,69.2500145556264,68.44086408667017,69.19933452625398,458684048.7737778,70.34665300389503
380,69.0236988358889,70.38772136313904,68.90748042923153,70.34665300389503,510078147.9380807,70.50743328682246
381,70.73200341366999,71.09638361948865,70.45762492535508,70.50743328682246,742088394.2275729,70.66035203643209
382,70.41131520712806,70.7687054405273,69.9875149303587,70.66035203643209,378454612.8108396,70.92162416632142
383,70.90502248739195,71.09027095755883,70.20684530501757,70.92162416632142,478730257.377997,71.1566778407282
384,71.11910281811689,72.1362234301836,70.95482605259436,71.1566778407282,697266464.0564079,71.78844620440037
385,71.72203616075659,72.0575813812724,71.35066591669704,71.78844620440037,494018093.1955677,71.42843368309417
386,71.64863548865847,71.76747389695203,71.05793678272758,71.42843368309417,397845790.86604214,71.21173025864056
387,71.47911711371636,71.6215488807449,71.06667682309805,71.21173025864056,315731720.94698787,71.10599572141389
388,71.13832740694517,71.19599910726163,70.61666043590073,71.10599572141389,311427234.48202115,71.60756588402766
389,71.46863079390869,71.68970427063931,71.26940066467989,71.60756588402766,344301197.54949355,71.95621729703181
390,71.82165054577808,72.05758069408098,71.71067547602046,71.95621729703181,318783865.96176517,72.3004984114379
391,71.74387811740178,72.35030510441509,71.71329476791271,72.3004984114379,379491817.39179254,72.46477826934958
392,72.06631967490785,72.49536162272408,71.91514957584666,72.46477826934958,348693138.02634495,72.01738479687566
393,72.46565176016833,72.49536177982797,71.88980804578925,72.01738479687566,322348491.48618704,71.51756442175402
394,71.47212605843919,71.61979948921156,71.0928908082092,71.51756442175402,450401279.3081744,71.653876036691
395,71.2580375003956,71.69144938928969,71.12084909672035,71.653876036691,347764376.42012906,72.1274862965946
396,71.46688253270186,72.16418632051443,71.3323157783291,72.1274862965946,345687343.6378666,71.76922189472761
397,72.25418886042178,72.31186056264843,71.7316468715591,71.76922189472761,274936173.4829961,71.18027244899902
398,71.94485961740287,72.03049300693053,71.13920242204806,71.18027244899902,390271398.89670515,71.15230921018303
399,71.38911270006733,71.52280612178548,71.0352191327747,71.15230921018303,309250504.1262101,71.41008176508811
400,71.18813330985215,71.5193084917463,70.93996984021788,71.41008176508811,346020543.42314744,71.62329562287488
401,71.24143871291186,71.62679062510169,71.12609530608862,71.62329562287488,281139286.54598045,72.20438186723277
402,72.08729178839636,72.59148212786624,71.93350001818213,72.20438186723277,528932358.36031103,72.43506857914727
403,71.93699491270868,72.49536195280403,71.82427317065516,72.43506857914727,313662559.02579504,71.71242302542892
404,72.20787498710862,72.52157517389897,71.62154630465042,71.71242302542892,374052177.85256195,71.7255322531702
405,71.57960548388945,71.78145729249607,71.37862867589811,71.7255322531702,301806418.6345813,71.65824633528906
406,71.63290632019113,71.94136150397307,71.33406114213497,71.65824633528906,296715720.60277086,70.95832133012193
407,71.68970344569325,71.83737853633265,70.94434132154134,70.95832133012193,331037047.5669356,71.58309888409012
408,71.62329557628834,71.9099057583333,71.36377207811461,71.58309888409012,355358008.2720807,71.8190316223752
409,71.93874504477135,72.05408846391636,71.2938695650054,71.8190316223752,329842425.7645901,72.27603641565906
410,71.81815775200309,72.28389975466516,71.68358932158945,72.27603641565906,255554615.36910087,73.29053117697707
411,72.35555060007117,73.41985625677381,72.30312223438824,73.29053117697707,498775591.4420974,72.67886118269726
412,73.08955477582194,73.22586986205042,72.56788777916577,72.67886118269726,352203542.0633983,72.3223449002695
413,72.35554991982931,72.81605019109256,72.03398639707513,72.3223449002695,335287312.5445338,72.11263228551988
414,72.19040067276458,72.37215413209485,71.83126375713348,72.11263228551988,281470737.2510236,73.08955582331777
415,72.34331865341474,73.15509086751233,72.26030693076787,73.08955582331777,316141005.72260845,73.5011195194992
416,72.95149084963697,73.5614128897492,72.80119575761367,73.5011195194992,301697975.6598443,72.99430666662064
417,73.28091849871969,73.3455802027091,72.88857660559324,72.99430666662064,275365572.6813502,73.26868802425126
418,73.37354476334735,73.46791816186878,72.89819110166515,73.26868802425126,323011392.8962733,73.00042508465793
419,73.27829859782891,73.32548529503444,72.71031989690405,73.00042508465793,281732224.74655896,72.79245892129464
420,72.95760903243267,73.17693751336347,72.53555708174545,72.79245892129464,239818140.47056144,73.3281074046559
421,72.93926045393219,73.34208908153633,72.62818356002039,73.3281074046559,257050078.97232985,73.55529620963905
422,73.23023767740105,74.12939322759809,73.2223743392561,73.55529620963905,393022702.1105989,74.39852697555298
423,73.8794816530274,74.41687698695534,73.74491490274335,74.39852697555298,378269210.3056439,75.70924791528032
424,74.60125222177717,75.84031966398581,74.52260883922034,75.70924791528032,654790050.4839915,75.34748894258777
425,75.58516575442567,75.62361411124297,75.04340209018712,75.34748894258777,414451558.6427159,75.2705950400025
426,75.03029488313445,75.57118690289569,74.83718309040431,75.2705950400025,325328924.21121883,74.84417232858767
427,75.11680249876912,75.36846098919294,74.79436563083063,74.84417232858767,311557540.95972943,74.71310006780965
428,74.4264882277363,74.77339343762185,74.07346801415105,74.71310006780965,630909857.9987454,81.216022647132
429,81.69050293865791,82.5267434524533,80.04074192502657,81.216022647132,1350212109.4297502,82.06013080887132
430,81.13738345840125,82.25586428725327,80.84028657157046,82.06013080887132,624768837.2841992,83.0781234771207
431,83.50105044006997,84.67458126219015,82.93656671128605,83.0781234771207,807551220.2837734,81.08844996133821
432,82.53373769346516,83.23890487997822,81.07796328694081,81.08844996133821,876796432.3539886,82.78015585148374
433,81.66079831744565,83.02482270773866,81.5306015498917,82.78015585148374,556096448.9918289,82.39304747886956
434,83.06588450884844,83.41803136566405,82.15799068527915,82.39304747886956,422167626.11130613,82.25673753198546
435,82.02779738522145,82.60101775268922,81.85128727206813,82.25673753198546,346400093.8347272,81.80497542896637
436,81.95876886781093,82.24712573230711,81.36282512562565,81.80497542896637,339959105.85941637,80.7781320720295
437,82.03655630177451,82.54691605408485,80.67413792162765,80.7781320720295,447762791.7696119,81.68262374874968
438,80.99573561569372,81.99198593593917,80.80435237013761,81.68262374874968,365358374.53110033,81.90984257868504
439,82.14317353475104,82.73218484993737,81.7324407780928,81.90984257868504,374055676.0130373,82.53205967145169
440,82.28562069142475,82.57400737024612,81.77700776051257,82.53205967145169,339934618.73608863,83.87787477614262
441,83.14729204343604,83.94691529776392,82.75753146275633,83.87787477614262,536274997.19815344,85.60384247285461
442,83.70484785312102,85.60646274599446,83.4671430745411,85.60384247285461,647566349.1023123,85.30321597089502
443,85.25864799394124,85.85902054787495,84.86101989766323,85.30321597089502,497282751.45922494,85.33729429164251
444,85.9997132174453,86.23654119312764,85.31020147258914,85.33729429164251,573443826.7892852,86.31257146122806
445,85.60471109691986,86.4716246874427,85.32156495098832,86.31257146122806,394551398.23834413,85.645780658867
446,86.04428213352423,86.14390916902869,84.8024662229463,85.645780658867,482398953.1765617,85.62830613668635
447,84.95364924275883,85.97873928109462,84.9370475146302,85.62830613668635,365327765.62694067,84.91520017750324
448,85.13804671735636,85.43954144737829,84.74566252239873,84.91520017750324,313207798.16399443,83.53705487150407
449,85.13542472337117,85.40021897636319,83.07213643619602,83.53705487150407,519758432.5136022,84.6241883324594
450,83.68299369242624,84.68011748772093,83.37625509589975,84.6241883324594,404190579.42827976,83.96090044118836
451,83.56152548517255,84.59710341264923,83.43743255226161,83.96090044118836,509541180.3051084,83.70308952106657
452,84.34628308794515,84.38298690560333,83.50908267525048,83.70308952106657,332774758.7830853,84.99646771479237
453,84.4529011721491,85.21319692597109,84.29647156676317,84.99646771479237,438274031.48011804,85.09347166314032
454,85.18435778520991,85.51731575806491,84.90907914639916,85.09347166314032,173341722.4166169,85.00958528279816
455,84.8505320444836,85.76114025346212,84.80683749197811,85.00958528279816,283016924.1811457,84.82256986385914
456,84.59622961044914,84.88898678511532,84.16102425803483,84.82256986385914,265494638.35992,85.17212702958801
457,85.01395055718928,85.79347506971699,84.88985763423001,85.17212702958801,311232212.0355182,84.8898557817403
458,85.30670917164409,85.44128984669518,84.42581081303976,84.8898557817403,309506744.38103235,85.08648252148922
459,85.15289943406194,85.3949712952051,84.79110511238451,85.08648252148922,260826343.2055128,86.39471639434261
460,85.63529406672419,86.42355606088006,85.41157412895276,86.39471639434261,420896044.7785021,88.20807671859262
461,86.93305049290039,88.36362959809372,86.91032812461253,88.20807671859262,418208582.9932841,87.76413111146306
462,88.73765918079519,90.05288617481428,87.40670388184952,87.76413111146306,675210562.2590774,88.63104489245151
463,88.48073589004036,88.66163141430039,87.58323566277076,88.63104489245151,446442236.1901524,89.53378177752087
464,88.84077632187471,89.88509167230104,87.99571170782761,89.53378177752087,497756752.2036402,89.1693622604528
465,89.50756411130754,89.81692629521558,88.8766051373541,89.1693622604528,373867649.88748515,87.80869814884588
466,88.67124130431857,89.17810742086473,87.4084498017571,87.80869814884588,470384521.0238366,86.75039531421456
467,88.04289982330157,88.1110669173531,86.56774963987502,86.75039531421456,842854655.8014036,87.01518870377583
468,87.11918285740728,87.44952056144615,86.51531669350435,87.01518870377583,334525588.1010177,87.94765029152362
469,87.3027097801533,88.3880961690719,87.28697814152059,87.94765029152362,304410799.10850877,87.74927543233545
470,88.24652725781004,88.274493505892,87.03092723002308,87.74927543233545,318539869.2686068,88.14078412849989
471,88.68173047955099,89.4472702267742,88.00969713967265,88.14078412849989,398769305.231545,88.88359477372663
472,88.81193398721254,89.12566661741538,88.56112456809333,88.88359477372663,289642440.1215334,88.86524952793218
473,88.88709847059332,89.21568603274439,88.67036922733939,88.86524952793218,219557669.5372246,88.67124163123627
474,88.6301673535785,89.01468739920455,88.25176794538282,88.67124163123627,208016363.58879596,86.71544626985327
475,88.08048515620678,88.08834930888477,85.94466263067014,86.71544626985327,463630447.6859785,86.93042492760827
476,86.30558316691543,87.4573898251343,86.30558316691543,86.93042492760827,283504917.56746256,87.07461809249787
477,87.34115918055912,87.91531230003547,86.82380864256055,87.07461809249787,317165966.7418976,87.71868334214903
478,87.45126884204473,87.8261745302083,86.97236899647174,87.71868334214903,281736597.4471532,87.06063313698408
479,87.2258003209143,87.56574902237966,86.5292978570661,87.06063313698408,309449899.27330726,85.21669740307664
480,86.7198105652262,86.75302068953968,84.84965585549192,85.21669740307664,512873178.1579169,85.07163351457322
481,84.87238274526754,86.10808488450479,84.58836313991134,85.07163351457322,430890289.2566897,83.73193349181378
482,84.5149516966022,84.74828599442857,83.54317050200305,83.73193349181378,466204219.25574625,86.2645081849668
483,83.40946414138146,86.30558246319933,83.256531545495,86.2645081849668,603682800.4786705,86.42793066368787
484,86.96975379576773,87.58847827535772,86.22693305030887,86.42793066368787,591636884.8816669,86.03118094531155
485,86.93479848672499,87.07025260870932,85.96126698965455,86.03118094531155,461277060.22616017,85.90708114565564
486,86.45414474820907,86.53454311570479,85.60732994891706,85.90708114565564,395637577.06595254,85.86775513048468
487,85.28748138326546,86.11157384845117,84.43542600678464,85.86775513048468,510528536.0992871,89.07323904403606
488,86.91207385413213,89.15888130115354,86.6743724193619,89.07323904403606,605682873.7304744,87.93803229850207
489,90.09395333175897,90.13939806118961,87.64527516461565,87.93803229850207,660534029.984581,89.20345392562348
490,88.11107339983454,89.27686157692314,87.5360434643064,89.20345392562348,681306981.4275624,89.24452138802204
491,91.9125525854023,91.95624713600301,89.24102769083507,89.24452138802204,1011006857.1527803,88.24390315877933
492,89.11256361123972,89.80556910631577,87.37523937263848,88.24390315877933,809247828.1143372,88.95788317768205
493,88.64939437085008,89.084599713084,87.25639257312167,88.95788317768205,599227893.113262,90.66111864947254
494,88.81018937292163,90.92066899192073,88.5698643644177,90.66111864947254,613399815.7391835,91.08059058445298
495,90.88833058531283,91.65998752075754,90.34738431536425,91.08059058445298,642967142.617294,91.16011667451448
496,91.18196561451992,91.50006537883469,90.813177242823,91.16011667451448,462255670.6191504,90.4207955959546
497,91.51579959385515,91.5490063842575,90.10007220631115,90.4207955959546,405637943.32497215,90.45488392501949
498,90.17086432450728,90.71967818853443,89.85363792985092,90.45488392501949,334645400.0972998,89.15877346064346
499,90.36486174180766,90.45924934606364,88.7383917218055,89.15877346064346,409870717.50019336,88.44211121267749
500,87.8163445304494,88.53213133141715,87.49035041132922,88.44211121267749,378964469.7001276,87.85742531016135
501,88.18079899306005,88.76111729487664,87.5943595488862,87.85742531016135,413717819.4830029,87.51307580558637
502,88.36083057184555,88.37393968325834,86.75621132298315,87.51307580558637,414502281.969609,87.24388542858063
503,87.1285205909342,87.9456895800775,86.94760686813429,87.24388542858063,305438383.74815446,87.7813887867667
504,87.00791781659046,88.17030801260029,86.92314200029188,87.7813887867667,348377429.04344106,87.86529184763786
505,88.18778868729842,88.2201247207093,87.47200179904374,87.86529184763786,323664674.36505234,86.39613090320182
506,87.65552899711082,87.88101436248662,86.31572258119728,86.39613090320182,443244042.9755276,86.45380883637884
507,85.3893071505961,86.69502711678683,84.73557200442843,86.45380883637884,437507059.7958889,86.06402157080721
508,86.3375759150958,86.4538142572686,85.61130048312648,86.06402157080721,326259434.8976724,84.94445782536965
509,86.13393968810655,86.39875574839388,84.93047521732677,84.94445782536965,321050673.94981754,83.87645693117759
510,84.37112917436289,84.82297343127055,83.84412090137012,83.87645693117759,394186715.0087848,84.3947276394264
511,84.36151477877884,84.83608661665039,84.06348919896097,84.3947276394264,419111108.3959346,84.92960214624205
512,84.37812261099064,85.2040300024876,84.01629511858218,84.92960214624205,366511892.94786,84.65779292618325
513,84.73645092777393,85.45223774206255,84.43405453645968,84.65779292618325,351811748.09015465,85.14459748452603
514,85.0239916589988,85.49768666667148,84.41133406905104,85.14459748452603,389113507.77935123,85.68733185660658
515,85.13759943503396,85.99933998736648,84.83607992509332,85.68733185660658,371384830.4900775,86.04566631669536
516,86.33232975835631,86.60938140812456,85.87786170013536,86.04566631669536,347918295.4810462,87.16697818157215
517,86.5097456645929,87.51044887579502,86.3620447978318,87.16697818157215,378936484.4163245,86.06139605554257
518,87.18969973872356,87.4711222043617,85.82454856669159,86.06139605554257,411777214.9592806,86.51935997924394
519,86.25804127142817,86.60850659549388,85.86475129850761,86.51935997924394,316426980.34147155,87.084826576246
520,86.5272292463219,87.27011113337394,86.38564617322153,87.084826576246,344116669.58441675,88.02347997635866
521,86.65221083265479,88.04707771185147,86.50625693827723,88.02347997635866,379931711.0715728,87.59609479842052
522,87.21941127835566,87.88625553019037,86.80514742268427,87.59609479842052,358277223.18879324,88.0549427901589
523,87.62844322367053,88.45784462099068,87.43442036067663,88.0549427901589,322339746.08499855,88.93590491267136
524,88.402778860064,88.98222688139666,88.27517840598139,88.93590491267136,330695976.9205851,89.05738586927424
525,88.91055850360439,89.63770736286997,88.51989235795358,89.05738586927424,420938022.70420676,87.7604080173902
526,89.07049898657604,89.20684107797823,87.60221851860427,87.7604080173902,414632588.44731724,88.3145118380373
527,87.41256696789343,88.4281263593148,87.28059568993555,88.3145118380373,328039124.0395268,86.4293485086529
528,86.48353528751427,87.14251493123555,85.15509071000099,86.4293485086529,710417798.3636345,84.90687659353212
529,85.25209764267672,85.80095666956814,84.58263278990134,84.90687659353212,548593769.3122374,84.82385426459217
530,85.44437670964885,85.86912929421766,84.63245188566488,84.82385426459217,438348367.39022005,84.1998323385877
531,84.63944100210051,85.14634888508937,83.92977196628922,84.1998323385877,417388264.3618053,85.58770572909978
532,84.06174438826346,85.82630357381196,83.81353475043298,85.58770572909978,418493683.0720284,86.18900210239435
533,85.67685321402593,86.2187176466217,85.33950027183673,86.18900210239435,351095499.73281866,84.54242705151185
534,85.9573942101307,86.1776386087573,84.34665721624816,84.54242705151185,348398418.0062934,83.27254171483
535,84.60710393612104,84.95931628830736,82.88274902079894,83.27254171483,473127078.83654195,83.42461476161931
536,83.97522080076357,84.04164319068474,83.00073569448196,83.42461476161931,364494328.89367914,84.00231485859014
537,83.93764279095882,84.53107018955853,83.40801062970962,84.00231485859014,339346053.23610437,83.6693281303701
538,83.38091765729621,83.75585427285208,82.31466540191103,83.6693281303701,452984670.8192495,85.01962696125628
539,83.76022521620598,85.06856943013078,83.74711610260826,85.01962696125628,382692634.2267739,86.05178139862684
540,85.89621240759305,86.38214296310196,85.51690838912164,86.05178139862684,357837329.509013,87.36187348241086
541,86.50100636108522,87.62755966959644,86.24143464689281,87.36187348241086,371338479.8637786,88.01386198333714
542,87.6065893691173,88.1746753048844,87.26923312612519,88.01386198333714,350457085.4460601,88.19215348560901
543,87.9858950318213,88.42200633821764,87.495593622495,88.19215348560901,300111559.8842552,88.73314307435614
544,88.31887585339283,88.98921747425112,88.20351101562115,88.73314307435614,303219675.4666387,89.0617595039781
545,89.51360374971173,90.18044808191362,88.88696358018694,89.0617595039781,472685436.076524,90.27221878804374
546,89.54244932809058,90.39195445611792,89.3527972849208,90.27221878804374,368395652.3638572,90.5212991192868
547,90.25910689552002,90.95479328536709,90.06595754603305,90.5212991192868,335942343.09355044,91.42673157784259
548,91.44770881967645,91.5823005636104,90.88836460210675,91.42673157784259,364643000.71388316,90.75552710750806
549,91.67058109000033,91.69242849767443,90.15423163809523,90.75552710750806,415841202.8915643,91.27292041993145
550,90.57286653044477,91.31225108821548,90.26784964649386,91.27292041993145,297130252.6191045,91.11386156759684
551,91.31137842239086,91.48005656281772,90.8595341124772,91.11386156759684,284404819.34975654,92.08484516901774
552,91.12609303382871,92.20632782484661,91.01160168183851,92.08484516901774,362164554.01706976,91.67844409656189
553,91.83750708714692,92.17923080144129,91.04743311140057,91.67844409656189,494768448.6175388,90.60520218015796
554,91.59804066346392,92.02016938434595,89.70850162518084,90.60520218015796,786578873.6936948,89.78366277415594
555,90.39020251002992,90.78436598873122,89.75656772318277,89.78366277415594,257678873.31778112,90.19093790633141
556,89.80463920379447,90.44264150996167,89.67529175012024,90.19093790633141,346022292.5033851,89.8229887893269
557,90.18568972479503,90.2617272304042,89.51884543479966,89.8229887893269,351119986.8561464,90.10179715935416
558,90.31067947363174,90.6454119403258,89.85708482526044,90.10179715935416,334078698.1002867,88.9044454349769
559,90.00040982773072,90.0755738455042,88.60030204684642,88.9044454349769,460224113.923068,88.90007513637886
560,88.69032268244389,89.2802560433243,88.39491758690224,88.90007513637886,322982533.0723514,87.8032302714396
561,88.29877598303355,88.29877598303355,87.3662421426549,87.8032302714396,382648907.2208315,88.72973357422848
562,87.7682730925893,88.75944839433942,87.59783299222678,88.72973357422848,325082303.8977039,87.80060809228075
563,89.2969885381419,89.44732644136062,87.72106960880848,87.80060809228075,332841223.8321177,88.75595870192265
564,87.97280705798991,88.78480328650659,87.88889735788129,88.75595870192265,306808788.1143882,89.55134303845232
565,88.75508120575029,89.75674606903178,88.71574707887955,89.55134303845232,314155799.65282494,88.78305121712484
566,89.53823515441186,89.57319474955368,88.08643335410255,88.78305121712484,445777585.6998284,89.68332605611374
567,88.2752263266274,89.6911915478139,88.2752263266274,89.68332605611374,325667371.2372128,90.0600424591608
568,89.65885237163984,90.50231381948139,89.64049733497382,90.0600424591608,391612068.8988981,90.28903943348757
569,90.32400235863847,90.56873616619866,89.47792024232461,90.28903943348757,342148079.77689135,90.76103168207814
570,90.1526914158269,91.21029496313412,90.0880103335422,90.76103168207814,419733780.96055394,91.79853389704616
571,91.206801509954,92.10969595485054,90.98828821076444,91.79853389704616,360823884.0148767,91.38510031356381
572,91.22777049606425,91.46900999412995,90.76539701427018,91.38510031356381,406174910.95794445,90.08014249660607
573,91.42967941060509,91.73035523476963,90.06877937911895,90.08014249660607,347974266.04865247,90.84843765403934
574,90.69198139290827,90.94021283491978,90.34935071670651,90.84843765403934,262733715.2047189,90.70859143500721
575,91.02761898449887,91.19194074534835,90.3913076973964,90.70859143500721,220827501.78979096,91.10103757690146
576,90.8292063224564,91.38160789592516,90.82221440394386,91.10103757690146,213562697.0225259,91.22166115431375
577,91.30382370614933,91.45153758373317,90.93147483780714,91.22166115431375,204334549.68844855,91.31343075266142
578,91.41919310180239,91.62983755859088,91.21728437498712,91.31343075266142,215650224.28621456,91.31343075266142
579,91.56778053330046,91.72860798950522,90.63953587019199,91.31343075266142,340452346.48644626,90.12996056451816
580,91.0704418695795,91.1150174298803,89.62912985454268,90.12996056451816,359658122.0364532,89.60640546468207
581,89.53298532246102,90.14394626797889,89.38876575699189,89.60640546468207,280636425.97764325,89.9813804205015
582,89.77947166906372,90.42015418452495,89.55309286797271,89.9813804205015,268077155.33087626,90.94196538014364
583,90.38694302567959,91.33529001500919,90.25058892961019,90.94196538014364,362968256.3862905,93.70047116639321
584,91.30469377167148,93.71970311025234,91.27584919013105,93.70047116639321,561900771.7606189,94.4757588015834
585,93.82983487340425,95.51151304459665,93.20838099389695,94.4757588015834,676106965.880896,95.53336105399671
586,94.89180834323747,95.75187434806892,94.78080121586402,95.53336105399671,466826017.28024673,95.94591390554785
587,96.100623023742,96.40391958036727,94.84286123256122,95.94591390554785,521889686.78323317,95.84801921695129
588,95.76935430020593,96.07527490277037,95.51588142113593,95.84801921695129,308707414.71240586,97.3094370598254
589,96.11722994720502,97.70538236424863,96.01409164856565,97.3094370598254,393175746.63139725,97.02187808428461
590,97.278848607826,97.38723168604369,95.87424645913433,97.02187808428461,414876585.1404757,97.94312702043842
591,98.07685705342826,98.37403527498878,97.0690738198778,97.94312702043842,429967649.43130577,100.0268687114648
592,98.71403851826156,100.03473420280496,98.04626197115479,100.0268687114648,475313429.1336604,100.16934044576158
593,100.5145918544642,100.76107616002922,99.65889370504382,100.16934044576158,396127319.53250706,100.36075952435664
594,100.0959201824896,100.39309839854484,99.23497726240689,100.36075952435664,257686744.17885074,101.66222110243595
595,100.73747404541683,102.96193770685534,100.41756960628007,101.66222110243595,489979466.92673063,101.88510633093705
596,102.52578545680738,102.84831395368582,101.21470571661227,101.88510633093705,422207854.9567731,101.37290733524432
597,101.310850309829,102.0301976635916,100.97259417554147,101.37290733524432,341340879.2471952,102.62630230095655
598,101.54859327530755,102.64727805609961,101.2645286694949,102.62630230095655,304980999.2659973,102.89638341821092
599,103.00651696971737,103.52482918294828,102.44712015045991,102.89638341821092,359204235.71477145,101.80643762006615
600,101.73039342673327,102.45498552594466,101.08359600103627,101.80643762006615,396861933.23233885,103.11752052727277
601,102.3072715499055,103.26086652425631,101.91395029971555,103.11752052727277,322832986.7120285,105.85593628439446
602,103.9452518979036,106.24051516523278,103.69702043755498,105.85593628439446,416786580.7600383,108.62842702615782
603,107.66084819713012,108.77264659882565,106.7693169015885,108.62842702615782,594755494.9454765,107.65910814153114
604,108.88889906559726,108.99728215124425,105.97830674361018,107.65910814153114,597407975.1259407,109.29881748667714
605,107.74300409081602,109.40457982855294,107.11455838711385,109.29881748667714,433400219.39778167,108.89851147951798
606,109.27697534976635,109.90629473453356,108.73594019480174,108.89851147951798,362428665.13296163,111.07665495636827
607,109.6781644927665,111.12210076169283,109.39759416067176,111.07665495636827,381856573.87315583,111.17716515191208
608,111.48482956652548,113.24255183694376,110.30485914858332,111.17716515191208,536714016.3378148,111.07229132998181
609,109.56192990365327,112.22778864057084,108.88016935236612,111.07229132998181,526980384.8150437,112.62110513649975
610,112.0110177094077,112.9147857316503,110.90621451681992,112.62110513649975,441570173.1880537,111.53552296474146
611,112.59400670825283,112.68665212685059,111.31002109507315,111.53552296474146,367413543.8103916,111.4961902773589
612,112.7959068343901,113.05987258262267,111.39829675512632,111.4961902773589,433183333.4483075,108.73331419251127
613,110.91407251673328,110.92194134233196,107.23168886542533,108.73331419251127,616404735.587543,107.00269596431401
614,107.46943743383235,108.24035574342682,105.93285559058896,107.00269596431401,589225777.7740047,116.67496075500293
615,113.60441159243486,116.70729629388023,112.9007985354,116.67496075500293,756564656.8148533,116.91882341677471
616,118.64332997996178,120.04530803660369,115.82887765302989,116.91882341677471,725333080.0905763,117.15919651187966
617,117.69061572926228,118.51747605049503,116.64612233053649,117.15919651187966,440744607.3158618,116.8174324892997
618,117.41178895353002,117.49832603838811,115.47226995400732,116.8174324892997,342561737.2531061,115.91015850034229
619,115.87257485800512,117.02020297995327,115.43991618190898,115.91015850034229,343790466.12008667,117.1766710340603
620,117.16094004977887,117.94408833041166,116.5106415651846,117.1766710340603,443644582.3499597,119.94478480501401
621,117.9528184289996,119.96314317386026,117.45897630648695,119.94478480501401,419022779.843931,122.53023343899196
622,121.562654715565,124.67865604745442,121.20342285115011,122.53023343899196,538380889.8043379,123.16921112729804
623,122.56258947626301,123.28546849551508,120.94289553012185,123.16921112729804,455319692.93657196,125.56072525890771
624,124.96809483206232,126.45579953512508,124.10098954297376,125.56072525890771,509437110.0309656,129.03000173028036
625,126.83514993772346,129.11566258332388,126.34915380487796,129.03000173028036,531824462.5333392,124.53628723425265
626,131.18814445125844,133.1653463855594,123.64296021159984,124.53628723425265,998960067.0156579,123.00312643614853
627,123.57565704306849,125.64550870307177,121.5975815351925,123.00312643614853,593256533.1817722,128.36918589340718
628,124.99168764183298,128.41026575572596,123.3317811141837,128.36918589340718,584258389.8989516,127.4732479919583
629,127.61922156635545,128.01168768298237,125.32909231375596,127.4732479919583,555956522.5728134,124.89990274982291
630,126.32730121948002,127.26170801058299,123.72511875136811,124.89990274982291,526751255.30390567,124.80637835982442
631,124.01357699298455,126.30020494227477,123.4253146709315,124.80637835982442,561529966.7502276,125.34658062760273
632,127.03620363667154,128.7992502425301,124.14906910608224,125.34658062760273,585046350.5460331,126.17085897646659
633,123.81254752723937,127.17256765796837,122.3353326535433,126.17085897646659,587840506.2257504,127.02221316000363
634,126.51960500376617,127.05543049950525,125.14378294784137,127.02221316000363,418959812.955374,127.95136533079776
635,128.7074615399552,129.01164591777362,127.05104946157189,127.95136533079776,420104585.97094524,130.44603852595645
636,127.6943877916031,130.87346918690588,127.42604157563994,130.44603852595645,513109303.9900057,131.06926312267473
637,130.14185185052958,132.61116513856592,129.76511748805666,131.06926312267473,482865083.0599073,128.93560328056225
638,131.81137401275762,132.26940118969378,128.88403337637703,128.93560328056225,449205782.96571004,126.91557120199934
639,129.41722829300514,129.52911090644858,125.9304680314304,126.91557120199934,512539103.8325172,127.00822153227824
640,126.69704157728731,127.83336657944591,125.9916483292661,127.00822153227824,380610354.20379835,127.01433995031552
641,126.9584019801132,128.64190280864872,126.00126783188732,127.01433995031552,395677805.9114195,126.21804485690245
642,125.34044958599688,126.77921180490401,124.6167037409885,126.21804485690245,378731842.0285142,125.79149036930852
643,125.3719288639673,127.02396646246935,125.29850526709208,125.79149036930852,323638438.1614869,123.11762158720613
644,127.05191848020345,127.25121582092812,123.09576790189395,123.11762158720613,380394342.794443,124.95585591630129
645,123.95763518464537,125.36930209127188,123.1359911876842,124.95585591630129,349534445.62067616,124.19102030058265
646,125.56072033214355,125.67435683915122,123.84050769446041,124.19102030058265,247687252.45995,122.63599466506503
647,124.46110752139911,124.62980837139742,120.59761331116421,122.63599466506503,438756777.62572175,124.10885868693912
648,121.38780434656718,124.42440674680618,121.1981233975045,124.10885868693912,377739238.9936224,127.2354904038006
649,124.44188607101427,127.34300495134391,124.0100873215488,127.2354904038006,377483873.278919,125.11144521860386
650,126.43395024644487,126.85002396458611,124.53804093742646,125.11144521860386,373258095.4246485,123.20153799250049
651,125.90860750969377,127.23285952927137,123.13860444476136,123.20153799250049,387488612.23853284,124.43751181372488
652,123.57914939979354,125.05199588220964,123.2566124520898,124.43751181372488,323976010.647362,121.483069861627
653,125.2460383915646,125.62627384282756,121.40876599790262,121.483069861627,433247174.8769834,122.03899185993512
654,122.30034914401821,123.3667450150896,120.0556747973218,122.03899185993512,391146813.55567133,114.63455174221335
655,120.7095108086662,121.73569394170808,114.11534487699475,114.63455174221335,765395762.934974,117.53479531948369
656,116.29882479685793,118.01991788427634,114.80937281588083,117.53479531948369,521524129.013555,120.074038888131
657,118.62828759943375,120.3764760825686,118.18687240821374,120.074038888131,383537439.98158044,117.67377748711363
658,121.40877762629859,121.52416136834543,117.24197207169729,117.67377748711363,447946445.1945698,120.25672404174153
659,116.96662701494405,120.86071809009009,116.4028392172027,120.25672404174153,371365590.6074629,124.71723094063557
660,121.29340396241352,125.23819169456029,120.91666955835413,124.71723094063557,481881225.426204,124.73646692667864
661,124.59486141327669,124.9418729461895,122.55909376423865,124.73646692667864,340170744.56817746,123.55206930112297
662,124.28455809313952,125.66475509110124,123.46291397545727,123.55206930112297,318078112.08585536,120.61422113927452
663,122.39387945767032,123.20066527549147,119.05308634709701,120.61422113927452,489622654.5582409,123.04071100409186
664,121.8449468473514,123.40782894610506,120.75320277525257,123.04071100409186,330486961.8321806,125.63851657395318
665,124.7644224515152,126.06856805461769,124.10972547365493,125.63851657395318,348365185.48177725,128.56761079418231
666,126.16385175960399,128.63753993024795,125.87103100473976,128.56761079418231,329004616.3307343,127.18129202897305
667,127.6567981103929,128.25380322127,125.83256544060117,127.18129202897305,382473124.6569432,127.05717554878812
668,126.24514132870313,127.74071515335977,126.19007030239477,127.05717554878812,284856082.0510818,125.60180606572948
669,127.15943979039557,127.6340722665352,125.15077450473987,125.60180606572948,330587533.94584805,126.59040096966882
670,126.96364086059563,127.92164858878121,126.02136485236962,126.59040096966882,293255165.35249186,127.04580610022155
671,127.11485494553024,127.56938760909499,125.41124774312425,127.04580610022155,253336781.62770396,127.88231461294839
672,126.34652798492758,128.14017076968304,125.76525461324538,127.88231461294839,259307267.01907492,130.7441062347674
673,128.85781340771388,130.94689806860993,128.09472819020368,130.7441062347674,365326016.546703,130.5072293785409
674,130.98885747881516,131.78340613334885,130.28345747141273,130.5072293785409,283309020.58084077,128.86392371134247
675,130.51596782716823,130.84025201589316,128.27566137618678,128.86392371134247,314564209.88832664,130.87522186492083
676,129.97490587985396,131.24233983903957,129.70393880402486,130.87522186492083,278771906.44426066,131.404915399429
677,129.8429069657896,131.41715266376227,129.47666264975703,131.404915399429,287676473.9343645,131.02381868946648
678,131.4687350104758,131.9590992709251,129.53698751676444,131.02381868946648,479814687.12536776,138.75868674225967
679,137.21066253218785,140.96227498751313,136.76661981444198,138.75868674225967,730297844.3452728,141.0925062601633
680,139.3268322970909,141.09774794427295,138.0602720284439,141.0925062601633,375609733.8042291,147.58877831257325
681,144.39221779499894,148.49608986848995,144.07666972997055,147.58877831257325,570836822.6950012,148.39642951012968
682,146.84491774210505,148.97945014317628,144.96648761579377,148.39642951012968,487505392.9305114,144.6159811063635
683,148.24347336073504,149.2652883575299,143.88436602342313,144.6159811063635,423761038.20784605,143.85813796840176
684,146.38164198962107,146.55384397701002,141.50420175499514,143.85813796840176,536323096.9046901,148.54940330548501
685,147.3440293476961,148.54940330548501,145.92974159846466,148.54940330548501,383391391.7817329,149.8054738280489
686,149.1752580023262,149.94795294083553,147.71464203037388,149.8054738280489,352723018.8939936,155.05266116344026
687,151.49597188535822,155.06052368933194,150.7066649816374,155.05266116344026,462108747.879184,153.79221367006673
688,156.4581967378466,157.8034288704846,151.45138838695453,153.79221367006673,581303318.8373665,153.69606710090937
689,152.7188264726153,154.39883954981985,151.19091559516733,153.69606710090937,360648101.4509884,154.48449565684595
690,153.24328361016185,155.62955681707336,150.30632684103315,154.48449565684595,274110695.0648161,153.7239903064558
691,154.47576695759534,155.43735492755033,151.82704494974615,153.7239903064558,194629952.89762315,157.47414686955753
692,155.60343226427915,158.94274593690625,155.17509281486488,157.47414686955753,262007846.90607557,161.32922396007075
693,161.13690637991579,161.4953176282695,159.18752000512393,161.32922396007075,227996544.4140422,163.31359306763113
694,161.63519588330377,164.15278499043728,160.20156412135447,163.31359306763113,270513099.3779137,162.5268325645946
695,164.283914782289,164.93078909321235,161.30300548551145,162.5268325645946,252308672.263987,166.54798767404571
696,162.66668890799224,167.20361210510308,162.2733169171005,166.54798767404571,257407853.33495033,162.35199393182577
697,170.23697452197675,171.0761663628401,161.25054963867495,162.35199393182577,452809238.07140875,158.6717554740814
698,159.1525494108172,162.22087374035652,156.68740171657248,158.6717554740814,567966407.1169204,151.27630282538496
699,155.76077129971773,156.8272547192255,151.21511148177495,151.27630282538496,416334356.06458235,158.25215343097477
700,153.97748247909226,158.61056467092186,152.33405289793183,158.25215343097477,362228045.6296981,158.52315197732412
701,158.28712343105613,160.02671184045766,155.2013186302236,158.52315197732412,317436986.72472835,156.41640783680643
702,156.5125666260148,158.5318945300338,155.48105052579882,156.41640783680643,220884084.53548038,156.02303425749977
703,156.93216764361512,159.66830465950306,155.33244235835375,156.02303425749977,275932012.31632763,156.6874063831558
704,155.96184701814175,157.1594501439515,151.905717399077,156.6874063831558,249143799.0278903,155.26250889047478
705,153.91629251273713,155.9093965023384,153.8288772506725,155.26250889047478,190976823.91317394,160.1665777443314
706,154.37960350169456,160.1665777443314,154.11735105248545,160.1665777443314,188681156.1011996,158.0248778872408
707,159.37983113943574,160.66486285208313,157.89375165783946,158.0248778872408,187306116.6723359,160.0966396223392
708,159.47598262450353,162.34325242107266,159.08261063144153,160.0966396223392,207858334.18932024,162.87650983013225
709,161.97611988410335,165.00947708280017,160.49002695845718,162.87650983013225,249564540.27906775,165.96231428421277
710,165.19304391125542,166.12840796371177,163.7856360727576,165.96231428421277,217741774.43444994,159.39731178011027
711,166.69659587704888,167.0462569095065,159.09135504203152,159.39731178011027,327762506.9999354,161.00578183054466
712,160.14908961543006,163.3485401199269,159.2399629174329,161.00578183054466,220979234.50041097,160.30645398831572
713,162.15968161612125,162.88524098744676,159.20500297504447,160.30645398831572,182189619.70701942,158.48818291632804
714,160.30644970423927,160.83094127426062,156.9321685827844,158.48818291632804,187824544.05478862,151.17140898681987
715,154.10860705989512,154.54569002708658,150.06122118467056,151.17140898681987,341146031.70871603,153.88131438377437
716,154.54568231321235,155.02647621004706,149.92134405489426,153.88131438377437,280709450.077567,151.11896540364313
717,153.23444545118488,154.32715291409158,150.6294345944552,151.11896540364313,189970927.8684757,156.02303425749977
718,153.2344427495765,156.4863411427777,152.80610330253646,156.02303425749977,225691606.4768081,155.19256409627098
719,155.35865774737363,157.028317776535,154.7642246832424,155.19256409627098,152092146.60886365,147.90203197498602
720,152.20292684537282,152.88477521880526,147.19395969016878,147.90203197498602,286654049.08142006,146.17992748879047
721,146.84429550145106,149.98254817044082,140.95241865976374,146.17992748879047,402347048.8577495,146.86177413662716
722,149.5979178757847,149.60665473349866,145.56801224311621,146.86177413662716,256589283.7837092,145.57675288793047
723,147.4125068213994,149.67659355762038,145.32325061724342,145.57675288793047,217018967.0262226,138.7058094653289
724,145.51555636789124,145.92641543276113,137.66554984741202,138.7058094653289,425755252.0408537,150.3234709756221
725,146.72191145309094,151.47736978749197,144.95609246153793,150.3234709756221,413809821.1035057,143.49623721121276
726,150.76929782789927,153.06835860151642,141.39823754557378,143.49623721121276,457788782.05411375,141.80034784439397
727,138.73203025783425,143.06789243384844,136.64277423625265,141.80034784439397,421552387.13769704,135.83853995778622
728,128.50428811306682,138.42607705920096,127.30668502052234,135.83853995778622,483482858.1998611,139.16037389722004
729,138.80196265110624,142.18498732881324,135.92596250193122,139.16037389722004,357697490.5440093,134.49233452871673
730,142.27240659422324,143.1378357362709,134.300016941595,134.49233452871673,359821136.31460637,139.78977696188
731,137.19350291387394,140.253083867807,133.27723635832245,139.78977696188,342741017.97746986,139.59745713471892
732,140.37546431039908,141.2146628368847,138.44355832713154,139.59745713471892,254354921.23406607,143.33013917564003
733,140.96989382829236,145.12218200298838,140.91744600659564,143.33013917564003,284715193.63793546,149.554205011401
734,146.31979366874558,149.63288341485463,145.5680104192666,149.554205011401,273422082.1752357,151.2501010504314
735,151.64347310522407,151.70466446195536,147.74469332219238,151.2501010504314,296684586.9745399,155.4286002538359
736,151.84452123118803,155.76078091030092,150.71684636747258,155.4286002538359,278179580.4217653,156.93216979349359
737,154.62437217908717,157.29931789820438,153.96000417816504,156.93216979349359,264627007.10801154,161.67017397283547
738,156.6699424302148,161.67017397283547,155.91815899300354,161.67017397283547,278395504.37710875,159.26618947774526
739,160.2714749855175,161.56525019636666,158.07732325130058,159.26618947774526,262438470.460596,160.35889757149243
740,159.32738147692197,161.10194396937362,158.7504354141863,160.35889757149243,225529554.19278568,156.19787289026857
741,161.68764105684198,162.32577851180258,155.63840717522476,156.19787289026857,328992460.2230823,161.11940959409424
742,158.05109211082288,161.32047735340856,157.49162647270953,161.11940959409424,282677864.9770686,158.57560223271247
743,161.29426565667902,162.77159497099905,156.7485985201721,158.57560223271247,290316448.191129,160.1840722831468
744,157.3430327943177,160.97081634456754,156.32025350962772,160.1840722831468,265103369.1107477,157.83255806007972
745,160.02670979845033,160.2102905174703,155.23628411461067,157.83255806007972,391882389.24963385,150.82174506570541
746,154.11735449456665,156.80104374520494,150.05248141608013,150.82174506570541,396187050.62262434,152.37776486075145
747,152.51762794569362,154.45827743577405,150.49830672083766,152.37776486075145,291879163.92949736,142.43849817846163
748,149.44056955176814,149.61540008017724,141.81784113244498,142.43849817846163,417291277.8626251,140.87374445843108
749,140.1744156439088,147.04535442664363,139.04674067756537,140.87374445843108,325740220.42911273,141.74790426121723
750,139.80725475808413,143.88087134312673,139.60620032162302,141.74790426121723,268353247.64639637,137.91906230671557
751,142.47346629899016,142.56962509111565,136.27562598264882,137.91906230671557,361743113.1337972,141.10102000216503
752,139.71109270373333,141.1709548772945,138.6708397809489,141.10102000216503,239547033.03371876,142.52591082263444
753,142.27240189492,143.6623292338568,139.77228672571638,142.52591082263444,234624858.88281015,150.22731773425315
754,143.65358598709804,150.47208313569968,141.93147798060454,150.22731773425315,386041598.157888,152.185618511092
755,150.1748620441191,153.62811713566575,148.89847130253546,152.185618511092,320127771.76239794,152.1506361056727
756,152.13315422680782,152.9024836254768,150.83927508321347,152.1506361056727,208453896.01025528,150.1223972068417
757,150.13114148117052,151.3463354857208,148.00673637430793,150.1223972068417,217561356.80793172,149.08205930194362
758,151.33760208135374,151.88837803326072,148.41764112144006,149.08205930194362,202828504.1497815,147.14124639170865
759,149.34433010040908,150.9267036901109,147.01010894799288,147.14124639170865,271386327.6865828,151.07532913977855
760,150.6207202266201,152.64022084135888,150.5332974879135,151.07532913977855,256683121.9384615,149.4404971813122
761,150.36719022297345,151.7310103006178,148.90720980113008,149.4404971813122,334478712.7506475,149.66780608610418
762,149.9213367099001,150.3059981133079,148.44386767361374,149.66780608610418,180355096.8997133,153.69804874775463
763,149.89509634229762,154.51109287079288,148.89846247146713,153.69804874775463,310432707.45886797,156.00604680676594
764,154.7034233152646,157.25621131885805,154.3449880839269,156.00604680676594,248975362.60100028,156.46939854133436
765,158.88230494243032,159.64289014619794,154.51110107736477,156.46939854133436,264620885.3271796,154.16140048232307
766,156.4081989396799,156.46065125022494,152.29052581370348,154.16140048232307,237008417.97672862,154.19636954331915
767,151.45999176643423,154.24882185318768,151.32011671680897,154.19636954331915,198130299.7233097,150.31473705063758
768,154.48486237286548,155.07060872758416,149.25690657409694,150.31473705063758,264193759.93313456,151.93208781471168
769,149.82517099943556,152.39543436176737,148.68865531539382,151.93208781471168,194013139.7518001,155.42904729201308
770,153.74176237406962,156.74915269494568,153.2347011371912,155.42904729201308,242350808.6547434,157.23871788324826
771,157.25620643224477,157.3436291674457,154.53731734695396,157.23871788324826,213106274.5344995,159.68660553066712
772,157.29992527108416,162.23938700258003,157.26495483956,159.68660553066712,302809691.058923,164.20641504626275
773,161.90715780181,164.72221384304862,161.17279883623144,164.20641504626275,249875789.10736552,163.99660068028624
774,165.27299802580703,165.63143992953226,162.88632454902267,163.99660068028624,215304431.12322232,165.88497000734452
775,163.3496770741121,166.05107789039147,162.55411476049534,165.88497000734452,211910953.1000589,165.87622941014837
776,165.185571739208,166.73298162006355,164.8795954770231,165.87622941014837,148855036.35895014,168.73500519232414
777,167.3362145847625,170.07259254112165,167.18759525043566,168.73500519232414,203197385.17191133,163.07866449719188
778,168.56014459533338,169.17212381458418,160.5783353272156,163.07866449719188,330428367.6442178,166.68053782969315
779,165.15935399521533,167.4673492345073,163.0611813558067,166.68053782969315,231647924.31825373,167.73835025677187
780,169.84527363954243,171.20034945310195,167.68589794680332,167.73835025677187,267990488.4050985,168.6737943231049
781,169.25953401786353,169.46060565281533,168.04433992339455,168.6737943231049,153997944.43585584,173.66571618709992
782,168.78745120602844,173.66571618709992,168.67379563988453,173.66571618709992,231363523.87160456,173.56081567632327
783,172.96633828738962,174.28643719977367,171.97844183476263,173.56081567632327,197918573.56053677,170.03760771858705
784,172.19698341219794,172.54667437203284,168.20171016967126,170.03760771858705,250057256.18202636,170.7807186133358
785,171.13916052078878,171.6025070490163,169.0759518264747,170.7807186133358,150731274.72992527,171.76860626284554
786,171.23531885399098,174.03290001904458,171.1216766238078,171.76860626284554,179387505.71222058,170.87687852691633
787,173.04499171666242,173.16738488044194,170.4659843328306,170.87687852691633,151808533.24832144,171.5150755664652
788,170.67579859478627,172.39805390283016,169.46060451173628,171.5150755664652,137821925.67358372,169.8452745470028
789,170.02012002815215,170.71077768749655,167.63344652781834,169.8452745470028,156908326.49736798,164.09278728271318
790,168.32412330207382,168.3328609085704,163.52453604371914,164.09278728271318,236160463.87749422,166.40077199730126
791,165.78880610135968,168.07057513754307,165.67516386773514,166.40077199730126,181141570.82859272,166.96903091485797
792,167.98315340307505,169.51307474069617,166.54939908312713,166.96903091485797,164000934.31523195,170.3435953425673
793,168.1929572886546,170.74573860591255,168.08805267036539,170.3435953425673,140396396.87544656,175.32677660936622
794,173.01004380835826,176.09611278774895,172.13580300196188,175.32677660936622,211677101.07227913,178.18555239154196
795,176.0086879041633,178.22925376152483,175.81635385275524,178.18555239154196,181312543.42182738,177.09272419798597
796,178.0893580093558,178.963598662833,175.8950054316217,177.09272419798597,153626789.60941702,175.02077564096277
797,178.01067733082624,178.15930999370255,173.543320015683,175.02077564096277,159451051.89291668,177.6697103683156
798,176.3496118096001,178.8586781675027,175.67644278436273,177.6697103683156,173714014.1452102,175.90377612411905
799,178.3516529998647,178.57895080252425,175.58029796127548,175.90377612411905,167827134.78920105,176.3321454532682
800,177.10148161517625,178.29044962000884,175.27432157050038,176.3321454532682,170065957.4934503,172.15325926159088
801,174.67981427271866,175.00329239279762,170.49220731899558,172.15325926159088,218751256.09363544,170.55339636412063
802,169.98514526668095,171.77734130146953,167.93067436389947,170.55339636412063,193452909.35166648,176.55070041644083
803,171.57628174261845,176.65561837779126,171.2877806936514,176.55070041644083,199250760.52357695,175.57155336412723
804,176.90040302494853,177.03153380009155,172.80894942237018,175.57155336412723,270995233.34543425,176.2534667340799
805,178.59643897720898,181.6912454900122,171.03424817464054,176.2534667340799,350643887.21544594,172.12705081442573
806,175.60652545390136,176.68185123970352,171.38395414033926,172.12705081442573,206746706.24425334,166.94280912326963
807,172.16202774520244,172.21448005861188,166.76796363195285,166.94280912326963,301665530.221435,167.72960965957577
808,168.4115163518315,169.81030683535107,166.6368087630307,167.72960965957577,166414227.77319127,166.34830172527813
809,166.05980070243828,167.99187845908568,163.25349561274373,166.34830172527813,197970433.7895844,168.89236263070075
810,167.60722758991207,169.85403284484732,166.96903554226344,168.89236263070075,124065059.78806715,169.22457204626937
811,169.39941752880125,170.81568327912146,168.51643917110925,169.22457204626937,150143496.31604797,170.64958296654757
812,168.90110135365012,170.89436932516475,168.63008883802797,170.64958296654757,143786639.10017025,174.91587513018612
813,172.1707596881762,175.4841262860092,170.67580212491913,174.91587513018612,202214926.8023982,174.85467760539007
814,174.89839532506977,176.14863939510474,173.88420292791025,174.85467760539007,150964164.76357433,172.5640139521158
815,174.45250739156106,175.4142305266447,171.57604951244048,172.5640139521158,164855709.82739338,169.39028309356925
816,169.5301744451674,170.3869856273523,167.92146392410945,169.39028309356925,165557965.5428278,166.12040566586538
817,169.56514013521522,172.0219369628951,165.00128819825034,166.12040566586538,183671702.84643003,169.82743305318414
818,168.1225489026176,170.57933238891778,166.24280723367025,169.82743305318414,161707015.58349532,168.1050683507362
819,167.87775489349806,169.06680478669458,166.75865068116894,168.1050683507362,139236756.67785496,165.4034765294354
820,169.50395018009,170.080992017408,163.90841601288855,165.4034765294354,202469068.16093525,163.43628169453365
821,165.34225109835054,165.5345983480092,162.0548847836997,163.43628169453365,208097783.27386063,162.02867190210847
822,160.89207800584464,163.07783036759292,158.9423906345818,162.02867190210847,226864714.59222996,160.73471656207929
823,165.06250381297093,167.5455154334259,160.183902666971,160.73471656207929,242636346.00354707,162.28220259848882
824,163.22644913116383,165.21111582504852,161.29425169529367,162.28220259848882,183407854.0925738,165.79691015864648
825,161.52157895219372,166.30400632175787,160.13144361272526,165.79691015864648,268071558.27411565,170.1421746187837
826,167.17829516791176,170.24708645538254,166.16410294488048,170.1421746187837,153965848.81349415,170.6230542532256
827,170.43070697426418,172.0918734662685,169.25039533888946,170.6230542532256,91964015.2776321,170.36949686799886
828,170.1684113864249,171.17386547584198,168.44603746059167,170.36949686799886,101626459.23472907,167.81654857672498
829,169.16297960006904,169.57390214114906,165.80566693066055,167.81654857672498,149181327.2772921,168.2362039975244
830,165.9105604753064,170.66675935537637,165.20237890323213,168.2362039975244,146690724.4728267,165.4384522626431
831,168.70834293304824,168.74332244524834,165.03628125776748,165.4384522626431,136130215.26768535,168.9531331339544
832,166.93350009706677,169.45149107332853,165.73571207830759,168.9531331339544,173375129.84915683,174.33883558216368
833,170.4394473513666,174.7147785990334,170.19464414485276,174.33883558216368,200551726.40437427,178.6753594451048
834,177.94094983408513,181.06221069207973,177.2677476943708,178.6753594451048,232083182.93540406,170.55310278681023
835,181.82284112441903,181.91027655282485,170.4394393980373,170.55310278681023,307647646.99638665,170.52688099522186
836,172.68640544601695,173.88419349900994,168.29741086633445,170.52688099522186,198826608.56593597,166.85482934111081
837,168.20124706751812,170.3607716951571,165.37725845474992,166.85482934111081,181556715.02300957,164.5116954158134
838,161.67896860046608,164.73902222301297,161.25929449830159,164.5116954158134,179113599.74699757,163.22645398413394
839,166.97721231422213,167.26573321198072,161.73140691666225,163.22645398413394,171051739.11541507,167.14334911512202
840,164.87889931358782,167.32694486017007,162.81554835385384,167.14334911512202,161979959.5545876,164.80896913144394
841,169.24166848824683,169.3378421367379,164.7390234470163,164.80896913144394,182984926.4910992,168.42856385795508
842,167.53677313941262,169.11925574945508,166.4613866892953,168.42856385795508,175947677.06275824,171.15637747084423
843,169.69629647545335,172.03067842670274,167.88648709325477,171.15637747084423,172939433.96194708,176.6120313854689
844,174.50496269739435,177.24151585474746,173.6393998733769,176.6120313854689,207835683.60024208,176.7431670322571
845,174.8459354559482,176.75190523961146,173.6831135206412,176.7431670322571,136354359.90014595,172.72137139049238
846,177.74860193016477,178.27318784452714,172.074397215656,172.72137139049238,205217485.39243686,151.5632946629397
847,157.14133928976025,160.2888148727535,150.0594958816701,151.5632946629397,716100472.6018928,160.80465468407147
848,154.52716703249234,160.81339289074447,149.6660559675822,160.80465468407147,506941522.3478228,156.17959770269593
849,158.62764304441959,158.9686198831786,152.98840455381747,156.17959770269593,408515705.0400513,157.01018796373347
850,155.655018811194,157.31619196483973,151.2835140228563,157.01018796373347,343629113.4681593,153.0058935329958
851,156.24954945717718,159.80795427640896,152.23651105086554,153.0058935329958,339462454.52592295,150.02452920709152
852,148.35461111022238,151.69444063357346,146.83332925151984,150.02452920709152,324660513.1983838,151.76438177614332
853,150.2868110294511,153.99384520647297,150.05949091371684,151.76438177614332,224363267.49029085,157.16756541874486
854,154.48346167135168,157.31619498476255,153.60916068952477,157.16756541874486,229331354.99743894,160.5336161044525
855,159.4320016709092,160.61231333174248,157.49979730306146,160.5336161044525,219932497.43216258,161.54779226766658
856,161.00573000565942,162.0111706543706,157.31617932380203,161.54779226766658,199558073.9213399,164.80896913144394
857,161.7663918923302,166.05921322105303,161.6527418283136,164.80896913144394,189765673.30258223,164.13574298099456
858,163.94339570159096,165.60456219741423,162.5794883318373,164.13574298099456,156457326.15807837,162.6844168581656
859,161.7052039047673,163.64615339509317,160.88335874426116,162.6844168581656,140170065.89268887,166.31273883744967
860,163.05160011413162,167.37064882939234,162.7106232861254,166.31273883744967,172660455.66403478,169.42525882677694
861,167.3531566003897,169.77497385412363,166.4963454448491,169.42525882677694,170954752.61623487,169.90612511679564
862,171.54107704238052,173.4383085927563,168.62090159222262,169.90612511679564,191678729.81256083,169.75749493119196
863,170.0022981402703,171.61976030239987,168.00015475014217,169.75749493119196,146516953.35121173,170.52688099522186
864,170.45693531712953,171.0077491941229,167.624195387873,170.52688099522186,125849471.44656332,165.56084731223518
865,170.46567637363,171.70719551269582,165.21113225440848,165.56084731223518,199585447.02705982,161.93251198852795
866,167.4231215155259,169.19795157984794,161.75765444667474,161.93251198852795,219842857.0699807,158.74130660780077
867,161.6702136534255,161.86256094263805,156.8265919342469,158.74130660780077,237375287.5565851,162.80681190775772
868,161.67896943425706,164.94884679110044,160.3675178721156,162.80681190775772,282086238.5866684,153.07583832719956
869,166.05920679204326,166.06794499933005,152.95343672131207,153.07583832719956,387575016.80227494,157.24624413793316
870,151.21356631467262,157.39487369691875,149.79720306017282,157.24624413793316,340275776.836451,147.75134007599792
871,156.0134883537561,156.1796010043849,146.19508539612377,147.75134007599792,359769538.44759434,149.4387423896614
872,144.7699782969805,152.34142141453682,144.2978549611385,149.4387423896614,348209779.70265806,150.58408088851013
873,150.82888409805898,151.44089212193114,148.1447803298416,150.58408088851013,248664900.85880947,144.70003095588987
874,147.28796104574164,148.87918855606898,144.39402694820905,144.70003095588987,280886456.9976217,146.55355132176086
875,145.29455578249468,147.24424989286453,142.06838304831868,146.55355132176086,298878895.5867398,141.56128917497423
876,144.11424630311612,145.81913045743323,140.23234801896422,141.56128917497423,320507934.35206085,143.11754249742626
877,141.5700261284976,146.16010597366068,139.62907701242392,143.11754249742626,310344291.4528525,149.22947514503608
878,147.812981525194,150.12134792219663,146.72874376978314,149.22947514503608,283226376.5396097,149.08957888441694
879,150.3574292813317,150.9957306563514,147.52443533430093,149.08957888441694,261516442.81329525,154.41455753485377
880,151.7389525367454,154.59817683168467,151.33673788592523,154.41455753485377,242766652.48125532,152.54338249708894
881,155.35014605948066,155.481304606901,151.23181036488717,152.54338249708894,223446312.1756794,148.9584165487823
882,151.20557645820196,152.09744254233323,148.1802176439911,148.9584165487823,262088217.14299765,150.78586858393172
883,150.5672732400269,153.34780628133615,149.1770100548725,150.78586858393172,239122181.44398272,151.6689958391084
884,149.93772444783636,153.12921113814102,149.86777233661311,151.6689958391084,217611555.41075355,150.9432593833663
885,150.2787343288446,151.19683078746036,148.94967087779995,150.9432593833663,233063629.86264384,154.18722194121543
886,152.84941278664334,154.8954687452236,152.37724602697097,154.18722194121543,199790876.50097707,153.5576654156887
887,153.4352525535328,154.08229292078545,152.01000660400243,153.5576654156887,146439294.1886581,147.498203040102
888,151.84387970267704,151.94005552018007,146.58009989383942,147.498203040102,256645429.25933918,145.46089660570647
889,145.39094448930592,148.10152562531715,144.78762583060407,145.46089660570647,207180390.68918976,143.92198436120304
890,145.51335833476276,146.7200090062648,143.39735682494182,143.92198436120304,201032723.46974033,142.79402697357256
891,139.95228739398323,145.04993261010213,138.65820664426911,142.79402697357256,261673510.2186402,144.34168648748368
892,142.91644051108062,144.38540155564894,141.12396261228648,144.34168648748368,194684874.01708674,144.57776267831818
893,141.84095135924923,145.94180216801115,141.40376066905287,144.57776267831818,192924599.6658708,137.04060559965896
894,138.53579706293073,140.38948144801572,136.86572530889558,137.04060559965896,296267431.3378497,130.49148295916467
895,134.5136428824615,135.58038262567405,128.5678464775017,130.49148295916467,465494792.31133723,133.40316937932917
896,124.50196669396892,136.99687737274576,123.76748953931468,133.40316937932917,534380131.12264687,132.23150233350648
897,138.79810173432594,140.5818405609495,130.62263711555164,132.23150233350648,416493959.636272,147.9965972299941
898,134.4961465614483,148.66986795868172,133.306987348623,147.9965972299941,536021642.9257234,142.08577838443432
899,143.6596675593957,144.96249396639112,134.72348866033855,142.08577838443432,382884508.328849,145.02369994061038
900,142.89895289991102,145.5658188029907,142.0070868189634,145.02369994061038,274096002.79081947,144.8313334079681
901,147.80423141489075,147.9616203291102,143.39734848774668,144.8313334079681,231495142.1594911,146.13416278942543
902,145.05867740185462,147.37578944892275,144.64771707598584,146.13416278942543,200240739.93811217,139.39268696071207
903,139.44515438333912,141.40376693905648,135.86018514620332,139.39268696071207,347207206.9104114,136.76953365898197
904,139.3577016561817,139.3751930189535,135.51042905042556,136.76953365898197,255818289.21493337,132.7648789288179
905,134.39122223381304,134.97706285557564,131.1297832707357,132.7648789288179,252305786.2815948,134.49614436154036
906,134.3999618783177,135.30057361122044,133.08838983910005,134.49614436154036,210768366.43478483,137.83628684960485
907,139.41891508060016,139.6637474811471,137.2329615367941,137.83628684960485,216471417.45781225,141.08898333243846
908,138.50956091498745,141.18516581847229,138.18603740096455,141.08898333243846,193111576.34328035,145.09365807923734
909,141.45622807549364,145.88934172318068,140.47692512910186,145.09365807923734,219566152.57637742,143.10006797524562
910,143.93947334664006,144.53405298525286,140.73048843196452,143.10006797524562,181649416.27560738,143.35362536047236
911,142.17321185654112,144.3853956339753,141.9721078791382,143.35362536047236,149060378.3788555,143.26619269966474
912,139.37519813985006,143.26619269966474,139.03418992768655,143.26619269966474,205555932.41843078,145.61828073292946
913,146.90362245682564,148.5299723926534,145.34722463395838,145.61828073292946,206497724.6724175,148.1452474322326
914,147.86544563744584,148.93219206475814,147.15719880367334,148.1452474322326,166332982.99615034,147.55065996770193
915,146.7549763863664,148.29388280132315,146.53638104288953,147.55065996770193,116456560.7540951,147.30584317967134
916,145.50461952213453,148.3550982543333,144.9275245613697,147.30584317967134,138636997.06434944,150.38366099646652
917,146.87739624202777,150.92577988822308,146.20411880070097,150.38366099646652,180818865.52473804,150.6547262649319
918,151.42417954552315,151.80016383886908,149.32566271454573,150.6547262649319,173533334.15665632,150.02516306719355
919,150.63722737379214,151.4066872689454,148.7660517267614,150.02516306719355,116289523.59139526,155.57748398348036
920,154.67687221280067,155.57748398348036,153.19916551857824,155.57748398348036,196791903.5254257,161.63694635906703
921,157.30876757017768,162.7649058882639,156.86283116786743,161.63694635906703,288974378.92474586,166.36734421718484
922,164.4961686104146,166.4547876913894,163.16710518611023,166.36734421718484,245903890.24959648,165.92141362710422
923,165.44924021717523,167.20675530457635,164.024007660836,165.92141362710422,198199300.93868676,166.41981448920797
924,167.13681367776388,167.25048753497447,164.72352569438442,166.41981448920797,198120504.8739786,166.5684580192348
925,163.7879183945125,166.8307617500572,163.7879183945125,166.5684580192348,168921446.83991477,165.52795330904672
926,165.44924884027813,165.7028269269735,163.98903345048666,165.52795330904672,141250647.66353667,163.27203853378577
927,164.37375424771653,168.16856615992322,162.21403121439135,163.27203853378577,236658164.65913028,164.1726536555663
928,163.6480194858299,165.41427362580782,163.05344654599642,164.1726536555663,163839844.0253403,162.82610794370515
929,161.69816173398544,164.04149763597778,160.96368451174925,162.82610794370515,173877203.3313871,166.50724715001556
930,165.3268269711017,166.64715137042032,164.5923498269779,166.50724715001556,168745664.27602646,165.90393243271197
931,166.970678860353,168.03742528799404,165.88644106809434,165.90393243271197,265878648.9261059,169.73372851347244
932,172.4093336178814,173.49357141986502,168.61452132394191,169.73372851347244,322916855.10942596,166.18373829837344
933,169.32276440705607,170.10970235150518,164.2513494817127,166.18373829837344,291371318.48248273,168.15109326635363
934,166.4985129539165,168.79812696351863,166.41980848798994,168.15109326635363,172864310.9657381,171.50871027659872
935,169.37521760112702,172.19072667718382,168.64947946368375,171.50871027659872,197277710.56144542,172.12077893552163
936,172.3568656492671,172.53173926085577,170.0397469342126,172.12077893552163,146153844.2938663,170.43322983320297
937,172.33937489019405,173.93949446091665,169.41894420225287,170.43322983320297,202366746.9670301,171.94590026948322
938,172.63665567678385,173.30119405251696,171.7622743125041,171.94590026948322,134667109.64885372,172.74160153606385
939,173.2312530086192,174.81388128312915,172.1382762066646,172.74160153606385,161890056.8303701,173.90452798469045
940,172.7940598399315,174.19306211378364,171.77977418553746,173.90452798469045,136324975.35215268,172.92514073275922
941,174.48164662491246,174.81393889725788,172.08567043422835,172.92514073275922,146655130.6899896,174.822677678556
942,172.17311916372026,174.822677678556,172.06819038069395,174.822677678556,141994706.396652,172.17311576331275
943,172.6190764218871,173.58096804970694,171.1937449007524,172.17311576331275,158134869.0140514,174.55159906566743
944,173.379849879666,175.85450922662153,173.2486755617861,174.55159906566743,160157767.76295722,174.05315817029413
945,174.37671080695895,175.01504977725395,173.75585107102543,174.05315817029413,121655526.8526189,175.24239982147145
946,173.95696892167126,175.391053371002,173.17871601946604,175.24239982147145,141233069.40714785,173.81706863503643
947,175.21616793318253,175.87199948188675,172.76772748276807,173.81706863503643,212474944.02270356,174.0968878451211
948,172.63657114352503,174.6302980582849,172.22558229028766,174.0968878451211,134949323.74520576,177.35854510813368
949,175.31235392935397,177.41102283878396,175.2598895416304,177.35854510813368,164034079.3857363,182.96373662913962
950,178.55655411820982,183.08615799491744,178.54780115734332,182.96373662913962,235379412.09735164,183.58458591852826
951,184.42404283514261,185.07113477151677,182.69265126956432,183.58458591852826,173286364.02709383,185.97180981807907
952,184.47650799644322,186.81128008236934,183.79444424423804,185.97180981807907,230209130.91472605,186.18169090617158
953,186.54020204332951,186.76756553944665,184.4065744275078,186.18169090617158,170168278.68735546,182.08056266848175
954,184.69513627742904,185.49088187272994,180.4978244392556,182.08056266848175,186402629.2755547,185.53459313634818
955,181.80072161554378,185.840653209977,181.79198199795604,185.53459313634818,149742344.76353267,187.3621786157296
956,186.51396867874104,188.79626318105278,185.9893114043612,187.3621786157296,125685495.17427944,186.40029924703703
957,186.36531408991465,187.33594538467685,185.61329332691935,186.40029924703703,122557177.71515054,187.93931157471442
958,187.3534369549703,188.13168990871134,186.53145922660673,187.93931157471442,120802850.23674272,190.45771115432305
959,189.00613401118784,191.8043461683034,188.95366961807443,190.45771115432305,160614889.88307875,191.52453106706187
960,191.71690940301636,191.87430258174564,189.34716536081072,191.52453106706187,146663963.54518998,192.24156695887746
961,191.19223906983297,194.83866115644622,190.97362853699335,192.24156695887746,169340089.194807,191.4982959310503
962,192.6350600019453,192.74000212854267,189.70568693343694,191.4982959310503,119790832.41121255,197.29583396806376
963,197.7243153945189,198.7823828486665,195.98417083642707,197.29583396806376,201692913.80545822,197.88172086866788
964,197.61064593407608,198.21401315903384,195.72184766714622,197.88172086866788,138904518.88670486,199.30706539952612
965,198.4501158217873,200.32142150382913,197.40952752021167,199.30706539952612,140661994.70954052,198.79114330976054
966,199.86670339519424,200.4001136289818,197.7855268530512,198.79114330976054,128081997.46195686,197.89047481028723
967,199.0884563069714,199.63935914082933,197.55818251774707,197.89047481028723,107678714.12721224,194.0866469770743
968,197.85549059833795,197.89921537546348,191.94426632720902,194.0866469770743,168886202.87312523,197.36579877890233
969,196.27274611180184,197.78552726704908,194.9086185181289,197.36579877890233,134751065.50026307,199.9541498249263
970,198.81737240904826,200.03284641282082,197.8205089336012,199.9541498249263,112802207.4134795,199.744282081257
971,199.84047124944522,200.8111025491888,199.27208920110542,199.744282081257,106970948.80902907,202.58621720135412
972,200.1989939461449,202.80482773168643,200.15526917149285,202.58621720135412,122456168.33142366,201.50190274979985
973,203.6442966016094,204.8860028012759,201.0734346537801,201.50190274979985,134746955.16170448,204.78982183767036
974,202.3763529393358,205.33197170651786,201.96536405716805,204.78982183767036,152443012.1045452,203.56559110886215
975,207.96403399659,208.31381885762812,201.86917122587946,203.56559110886215,193872776.0627251,199.93665528611086
976,200.2601945941201,202.40257507547463,197.46198253625332,199.93665528611086,178868815.9677322,205.42815232145125
977,201.19585570422686,205.6030380751602,200.63621328660156,205.42815232145125,129584632.2941604,203.9066211881661
978,205.09586301594751,205.65550544414302,201.8429372323962,203.9066211881661,136784721.09263074,204.9209708288818
979,202.21894796643943,205.34069929709435,202.14899099791612,204.9209708288818,119980170.346943,206.10147188286302
980,206.80102822026717,208.82098730411283,204.37881990596276,206.10147188286302,132823753.98634726,207.7891410849905
981,206.7835380082493,208.31381168159393,205.7779215885806,207.7891410849905,107915364.68337233,207.2295026648211
982,207.22076304706547,208.78600857270854,205.6467645607389,207.2295026648211,120969187.76734748,208.19139537793689
983,208.01650962119027,209.34565204680692,204.9559621778766,208.19139537793689,127233081.36859173,206.81850777467858
984,207.71918205766127,208.8996842133398,204.85976603751732,206.81850777467858,157305017.89527714,207.1945269316134
985,205.2095396298758,208.06896903104862,204.9559572919277,207.1945269316134,113300170.5571512,205.82165267277833
986,207.0721118627579,207.0895910985302,203.71424392747323,205.82165267277833,136954906.59975842,207.1857729899941
987,205.9528197780161,207.99901107577782,205.94406681760208,207.1857729899941,115446292.00880262,201.61558389104223
988,207.5530399458155,207.61425729810801,201.48442291174067,201.61558389104223,161990366.58200186,201.4057161473729
989,201.20459819398297,201.93038676126525,195.63440610919713,201.4057161473729,188150922.42714244,201.0384509320574
990,200.92478252945958,202.717378204094,200.01535525110984,201.0384509320574,122471385.3294916,203.6705316529084
991,198.96602872756918,204.1951889247281,197.73306212296174,203.6705316529084,151111262.41156447,205.26201425260894
992,203.9853361763958,207.09834811808946,202.428830205549,205.26201425260894,142561233.48564133,206.97591859074797
993,205.48061670927967,207.5180684301103,204.38756406996671,206.97591859074797,147524598.47614765,206.8272617162979
994,207.15954063851825,207.6055146455171,204.6411564833308,206.8272617162979,205970726.79680008,205.57680919590132
995,206.14520458608075,209.33691302297512,202.28891159100291,205.57680919590132,246434736.1017368,200.33889623463406
996,203.77546074790538,203.81043256225828,199.4382219071072,200.33889623463406,212738792.77655983,197.36579877890233
997,196.68373498206586,198.7649115299622,194.25278691786858,197.36579877890233,202162979.11933866,197.22589584607158
998,197.61065254815475,198.79115485291635,195.70437496065236,197.22589584607158,143796171.5874657,198.1353182871642
999,197.18217952463527,198.3102040524926,196.1678234056307,198.1353182871642,123896186.09111772,194.0779063798782
1000,194.96108816300838,195.8355303279435,191.49830466190534,194.0779063798782,196283008.63026842,195.2059238174131
1001,194.54135260750562,197.5232034487066,194.3664668515224,195.2059238174131,143222648.17752558,197.3483042400869
1002,195.88798749716156,197.54068257440545,193.83305651574454,197.3483042400869,137782396.4602118,203.09339869392358
1003,202.49003148187074,204.80729781794366,201.4669357782313,203.09339869392358,198391175.0407619,202.96222301386575
1004,205.1571917802731,205.6818919950679,202.35882176995597,202.96222301386575,132194872.18688412,203.53064206450085
1005,203.48691482501826,204.2127443006531,202.33257975234213,203.53064206450085,109239680.7853429,203.4694178508584
1006,201.650474146458,204.43136372365467,200.63606092490554,203.4694178508584,128611269.14188328,200.9596387686371
1007,202.81355634194392,203.25080205969968,200.5223930508813,200.9596387686371,123080852.33831634,196.94571633656048
1008,199.00077659437892,199.49048967445123,195.30168147398638,196.94571633656048,185265902.0290769,202.14894714193045
1009,200.1725879642941,202.90101030771552,199.2806163104897,202.14894714193045,167704699.17256242,202.52496629886528
1010,201.7379293763081,203.758002375394,201.22196930909237,202.52496629886528,207425261.92246702,208.59394324819368
1011,201.32692164533384,209.41596732224122,200.81097490734408,208.59394324819368,235808374.02564627,204.06407203750507
1012,207.15977917873647,207.55329765433564,202.1227133349705,204.06407203750507,168401095.46920058,202.78731765898092
1013,205.2358962679229,205.2446363782703,201.41435974468476,202.78731765898092,125552565.07621463,203.41696092325847
1014,200.60983748342335,205.66439702234584,199.42928202619527,203.41696092325847,167550255.387574,203.85420429383575
1015,203.8367107287818,205.23590237212926,201.00335365565934,203.85420429383575,129933661.25559238,207.05485085397706
1016,205.81306122850603,208.93500217039107,205.71687997707798,207.05485085397706,168841776.23508778,211.191181680069
1017,207.2559703219334,211.86454380424703,206.73127013671,211.191181680069,207249391.90456682,211.76835467232343
1018,210.01937178819395,212.5553916327095,208.84754311463004,211.76835467232343,152034339.50700784,213.21126046411308
1019,213.8321552601376,215.1001651843134,212.48543096485983,213.21126046411308,119642160.5910085,212.10064415443125
1020,213.47360205488727,214.49675538977496,210.14179196196787,212.10064415443125,120334009.27902865,210.28170586128354
1021,210.24673207539902,211.7595985089091,208.34908727875796,210.28170586128354,137895824.31362632,209.84446249070626
1022,210.88510943960335,213.35992181677804,208.93499726405628,209.84446249070626,122512576.16908932,213.40364701339016
1023,211.18244465380707,213.83215261754546,211.15619763473774,213.40364701339016,113837925.27623044,216.42938821864664
1024,216.13205100028594,218.81674601376272,215.1088976595219,216.42938821864664,160038393.03673455,208.2004295524434
1025,217.25140806003927,219.0965855545717,207.22974350852007,208.2004295524434,235053995.71912855,212.71280622431655
1026,212.40672888362099,214.2781400267255,210.64900589740574,212.71280622431655,134226866.15302595,205.46326149889094
1027,209.60835563255716,209.6345893076573,205.1746777291091,205.46326149889094,179841654.395938,205.2883694884293
1028,209.63459301204915,209.69580047412583,203.06715375871303,205.2883694884293,187545565.75687632,207.01986177634618
1029,207.38714658671594,208.30536528448064,205.2359050768816,207.01986177634618,157175236.1416402,208.25289982446654
1030,205.59443829370514,209.02245658500496,205.21841336805713,208.25289982446654,151413678.38466188,207.7456916430507
1031,208.17419726127966,209.98438764098023,206.94990121363148,207.7456916430507,112417497.21519856,206.45144272571108
1032,207.87685468118124,207.87685468118124,205.262133848605,206.45144272571108,108653039.27362008,205.68188318417958
1033,206.43394633339125,208.4452792527881,202.60366967302474,205.68188318417958,141893784.46693704,207.32592946686563
1034,205.80430962156262,208.08673271767722,205.25337576756536,207.32592946686563,97392023.43328202,210.9113357811379
1035,208.79506819224264,211.96947624742543,208.49774431842556,210.9113357811379,114824231.6222665,215.4849366666535
1036,214.17319955552605,215.93092248071207,212.80898175126234,215.4849366666535,134200542.49544866,223.82758981852234
